KEY 	 GAPS 	 MATCHES 	 ALL 	 OVERLAP_TYPE 
seq5_1-seq8_92	0.01785710690979672335	0.107414195708232759025	0.05260224525444788065	Bad Overlap
seq5_16-seq8_86	0.027928287791859112558	0.15063876931942894066	0.075675900614313681785	Bad Overlap
seq5_20-seq8_54	0.039802194740969320737	0.22574475272524549751	0.11024429566345481917	Bad Overlap
seq5_21-seq8_17	0.0527527386900729033	0.327764174812543508	0.17215837936701601697	Bad Overlap
seq5_23-seq5_96	0.042412340218224255604	0.28095486377487708827	0.18124445163565148202	Good Overlap
seq5_24-seq9_32	0.023401415253149111822	0.14100647795526471093	0.069861477599751286454	Bad Overlap
seq5_31-seq6_83	0.02600489864617160647	0.15130403382846039635	0.0793985513402546295	Bad Overlap
seq5_32-seq7_89	0.011210354891111398756	0.06400462981225319921	0.031830166785855254878	Bad Overlap
seq5_58-seq8_90	0.009473319439789301482	0.05236076047416195689	0.026559822462510348475	Bad Overlap
seq5_58-seq8_88	0.018800126427206580922	0.09863984999045412229	0.047595050233458774687	Bad Overlap
seq5_60-seq9_45	0.0113248270518530503585	0.06091840528392305948	0.029204873015465148995	Bad Overlap
seq5_62-seq6_21	0.07726715782415943605	0.45782043817073028244	0.23616893125465985968	Bad Overlap
seq5_62-seq9_56	0.0140582095102958340585	0.077895682967700825834	0.037725580319631889756	Bad Overlap
seq5_63-seq5_66	0.084448172466560911214	0.5771802817600549913	0.3657366544417263344	Good Overlap
seq5_67-seq7_63	0.08245062718609913033	0.43422423994636138512	0.2155326669323201396	Bad Overlap
seq5_69-seq7_89	0.06585504119607453069	0.36942039378091178753	0.0	Bad Overlap
seq5_69-seq5_75	0.08074292096565873655	0.59970498235973805054	0.38821069425537360265	Good Overlap
seq5_69-seq9_67	0.028571705910210073976	0.14663226465809121721	0.07160235813432090716	Bad Overlap
seq5_75-seq7_89	0.044976893526954888996	0.0	0.0	Bad Overlap
seq5_77-seq7_91	0.046964191018332474865	0.0	0.0	Bad Overlap
seq5_77-seq9_98	0.057276768603074694913	0.0	0.0	Bad Overlap
seq5_77-seq6_84	0.07178220576748570831	0.38694377743160586217	0.0	Bad Overlap
seq5_77-seq9_57	0.06554459181727020687	0.34466549271103537154	0.16494665892274909584	Bad Overlap
seq5_79-seq7_76	0.049859873127886561745	0.27020059214309046576	0.0	Bad Overlap
seq5_83-seq7_16	0.047558813426755956183	0.26183539017630441526	0.13618384739372073748	Bad Overlap
seq5_86-seq7_13	0.016654056171268601923	0.09906208346998915977	0.050777106341415969264	Bad Overlap
seq5_87-seq8_86	0.035140929702053591354	0.19701061846197971993	0.0	Bad Overlap
seq5_88-seq5_92	0.041441823302986042113	0.30654609631023038555	0.20003014529463427145	Good Overlap
seq5_88-seq9_42	0.03400993391251662306	0.18259381013121343018	0.0887786333877926482	Bad Overlap
seq5_89-seq6_73	0.05553076238041336686	0.30448779419069525292	0.0	Bad Overlap
seq5_90-seq6_52	0.018188676241673318105	0.10024437136360274315	0.050916393626023457194	Bad Overlap
seq5_90-seq6_46	0.013400416006990451824	0.076381918947004079235	0.039708986250912341038	Bad Overlap
seq5_90-seq9_75	0.015032943967637657113	0.083352866734135024994	0.04077794172135317306	Bad Overlap
seq5_91-seq6_87	0.034137307233926031206	0.18960031720063362619	0.09750252869442956961	Bad Overlap
seq5_92-seq9_42	0.045132841474006195205	0.22931841714541569374	0.0	Bad Overlap
seq5_93-seq8_82	0.022748740107525884307	0.12260007669915102452	0.060538968235954687286	Bad Overlap
seq5_94-seq8_76	0.069002075150387827973	0.42700869540439982273	0.21194917394911958509	Bad Overlap
seq5_95-seq7_59	0.05564261983700835077	0.32129811720950154574	0.15793234305633779454	Bad Overlap
seq5_98-seq9_41	0.005881204378137458399	0.03358589952255804502	0.01613436528887746302	Bad Overlap
seq5_100-seq7_94	0.07887518813565081513	0.0	0.0	Bad Overlap
seq5_100-seq6_55	0.0644951811899118382	0.37706188201454759795	0.19385818656668596568	Bad Overlap
seq4_4-seq9_49	0.023494520587462190933	0.12243625129345818024	0.061863509350161358657	Bad Overlap
seq4_10-seq6_1	0.046075268597138500736	0.2592110684027537515	0.13723275972106070854	Bad Overlap
seq4_13-seq6_66	0.019312748813198677068	0.11512851028138968241	0.061088505486116387483	Bad Overlap
seq4_14-seq5_89	0.035024968783195219072	0.22343515808967402556	0.119121017508663803583	Bad Overlap
seq4_14-seq6_73	0.017642585274720960745	0.10165810625633533102	0.053789782754157362807	Bad Overlap
seq4_27-seq7_41	0.08336418829261706389	0.4576252791581510096	0.23640190057228485255	Bad Overlap
seq4_27-seq6_73	0.08311847921950786158	0.45259133099881898468	0.23461923069003426155	Bad Overlap
seq4_30-seq9_95	0.073277021612106764646	0.42855389954116514256	0.21706322976464385162	Bad Overlap
seq4_32-seq5_5	0.046959495778072062532	0.2631362043748918468	0.14052428591870866776	Bad Overlap
seq4_33-seq8_84	0.074254960215035771525	0.43187132707325799654	0.21334892861611896773	Bad Overlap
seq4_35-seq4_97	0.0061596448365908969544	0.042833573398023216457	0.02858282415048868226	Good Overlap
seq4_38-seq7_71	0.024830296402417545618	0.1460145025673408052	0.07650993383105942749	Bad Overlap
seq4_40-seq4_67	0.048675589029660266876	0.34179686806955008596	0.22361858797290773411	Good Overlap
seq4_41-seq5_97	0.023520505287836719771	0.13931533195881567439	0.07443746265202315672	Bad Overlap
seq4_42-seq9_81	0.049160271598909940055	0.26712183716821896355	0.0	Bad Overlap
seq4_47-seq8_77	0.039545505990833306984	0.23082207264622160611	0.11581141983627926856	Bad Overlap
seq4_48-seq8_91	0.010871345314058701295	0.060629940597809684207	0.030515589225788191094	Bad Overlap
seq4_49-seq6_75	0.06958022893972382544	0.41011088711130419882	0.21877397237182168009	Bad Overlap
seq4_51-seq8_94	0.022339157443905939995	0.12223770771298690604	0.061081031535709819027	Bad Overlap
seq4_52-seq6_6	0.024687338629384942075	0.16008274269995183304	0.08795928452507377373	Bad Overlap
seq4_53-seq6_3	0.02599975675972238052	0.15514602055583101505	0.0778981819928326388	Bad Overlap
seq4_54-seq9_69	0.0135263424254423286225	0.07893662388795200416	0.03910162364443225581	Bad Overlap
seq4_54-seq7_51	0.0799795076179085804	0.45759017553768399143	0.2386495950208558752	Bad Overlap
seq4_55-seq6_65	0.07806061611838002945	0.462932748038475599	0.24181267939500063847	Bad Overlap
seq4_55-seq9_36	0.035893525027680839603	0.2061789273967565817	0.09995950086226021561	Bad Overlap
seq4_58-seq5_82	0.08434966305895023021	0.47444659319808719667	0.255068255014897157	Bad Overlap
seq4_62-seq9_79	0.028024244282196935438	0.15314241360276175526	0.07563505286960101889	Bad Overlap
seq4_64-seq6_41	0.06404095971213585123	0.373931743372391983	0.19764934012197354237	Bad Overlap
seq4_64-seq6_32	0.079566407125780707496	0.45432528403211215097	0.23423241583335265088	Bad Overlap
seq4_64-seq6_62	0.029140895437575587583	0.16087961321035288067	0.08311256322137439406	Bad Overlap
seq4_66-seq6_25	0.014433385692021443376	0.08781979931221305415	0.047880686824702862255	Bad Overlap
seq4_67-seq9_97	0.0070044427719161302587	0.042663019164947779847	0.021320439240505301632	Bad Overlap
seq4_70-seq6_71	0.062071328684560759372	0.35942839874577688932	0.18614567051549794303	Bad Overlap
seq4_78-seq7_35	0.08385554056017532526	0.45600595859306931022	0.23721955161546998943	Bad Overlap
seq4_80-seq8_61	0.014846774171204098712	0.08375433474276720793	0.043442458975347336803	Bad Overlap
seq4_84-seq6_32	0.009979180283539774572	0.053738121813975809686	0.027435512970066574615	Bad Overlap
seq4_85-seq7_90	0.07742684630282945727	0.4514593080706324455	0.0	Bad Overlap
seq4_85-seq9_31	0.08282809868577856821	0.43914778105980759292	0.21765325139298625164	Bad Overlap
seq4_85-seq9_78	0.07587648208040794496	0.46824325994048088763	0.2584283341410238709	Bad Overlap
seq4_86-seq5_20	0.032542363891302959193	0.18689203156022654245	0.0986809816928628698	Bad Overlap
seq4_86-seq8_54	0.026352098760769280568	0.15102452436372879881	0.076239203069199158146	Bad Overlap
seq4_87-seq5_87	0.036867742125857879194	0.21798397392052058616	0.0	Bad Overlap
seq4_87-seq8_86	0.018221859400516824755	0.09764721304674566732	0.04803350682944158748	Bad Overlap
seq4_88-seq9_35	0.013733484052542041739	0.071978890713493464894	0.035519437645039000065	Bad Overlap
seq4_89-seq6_33	0.021336054096699540795	0.11613820554451334464	0.061076283126132748195	Bad Overlap
seq4_89-seq7_93	0.074588170476921880626	0.45559507802999504777	0.23682671804283869603	Bad Overlap
seq4_92-seq5_25	0.03564022860698395553	0.21681275121022360603	0.11485849838975471304	Bad Overlap
seq4_92-seq7_25	0.014350799207423713743	0.08695461410780166597	0.044376881741428288475	Bad Overlap
seq4_93-seq5_13	0.077803955263521304604	0.46076240914773315338	0.2448178426056140472	Bad Overlap
seq4_95-seq6_37	0.04071244170947790086	0.22436125163162675379	0.11801524316357993185	Bad Overlap
seq4_97-seq5_99	0.08591040160285487578	0.47194204227880054333	0.0	Bad Overlap
seq1_1-seq1_90	0.0082069296138142450695	0.07611494168987221692	0.048975873407835096067	Good Overlap
seq1_2-seq4_84	0.04584398564041004932	0.28659320960271143886	0.16906044876701481403	Bad Overlap
seq1_3-seq9_70	0.031552852137297622856	0.17771537580899505775	0.09267122075494113898	Bad Overlap
seq1_4-seq1_95	0.022724073867761722662	0.16893248440364569566	0.10669609161572830992	Good Overlap
seq1_4-seq5_62	0.026631920358040828285	0.16004511192578401415	0.09243386719615200902	Bad Overlap
seq1_5-seq5_29	0.06696016603788340085	0.4240277357216658967	0.23725351591881120112	Bad Overlap
seq1_6-seq9_96	0.02434711083720539051	0.1459040460480624301	0.078292990466144115796	Bad Overlap
seq1_6-seq6_72	0.014884889449597253607	0.09427512368454883476	0.053032050992021521622	Bad Overlap
seq1_7-seq7_71	0.033324005264510326905	0.19091654739526686357	0.10365002504395017477	Bad Overlap
seq1_7-seq2_73	0.0065874022157838501405	0.040694797789502110756	0.02425574397596065856	Bad Overlap
seq1_9-seq5_99	0.0077217052971245353953	0.047476363654661273385	0.028001876740428729167	Bad Overlap
seq1_11-seq4_95	0.04090284746119152835	0.2687336891559298761	0.15675552119630929787	Bad Overlap
seq1_13-seq3_22	0.07678133579609834543	0.5079310605530225211	0.29834652550088654915	Bad Overlap
seq1_14-seq3_35	0.075435846517929675476	0.52912751235432970435	0.31625453574326558323	Bad Overlap
seq1_17-seq8_58	0.06373670308683579438	0.40193218839844253512	0.2156013925973046317	Bad Overlap
seq1_17-seq6_87	0.079877707420076417847	0.49025537109201078087	0.26856882402987574822	Bad Overlap
seq1_17-seq5_7	0.05271226625738536007	0.3074740100823429861	0.17151286622277860794	Bad Overlap
seq1_17-seq5_91	0.08631099651776496042	0.5083992665204032172	0.2875451650455510393	Bad Overlap
seq1_19-seq1_70	0.08482259719651755187	0.59162029354523894964	0.37913049129187546753	Good Overlap
seq1_23-seq1_91	0.038717377987918749832	0.29321527115547997038	0.18917949913204898205	Good Overlap
seq1_23-seq6_65	0.03868424648613593827	0.25307264796274515011	0.14179267914878098616	Bad Overlap
seq1_24-seq7_78	0.030386899546336633981	0.1957367943635189485	0.10714398350930423788	Bad Overlap
seq1_24-seq9_49	0.013276454990077885601	0.08450637430138723662	0.04384872292586192465	Bad Overlap
seq1_24-seq4_4	0.012517781640128606607	0.08641501921976987195	0.053271615368534648927	Bad Overlap
seq1_27-seq3_73	0.019853471663470376119	0.14075059402002217887	0.08631260367200388554	Bad Overlap
seq1_28-seq6_58	0.0668481129356194546	0.40615384585813767466	0.21558837842871099502	Bad Overlap
seq1_29-seq7_90	0.042190962917513552712	0.26150845230421707212	0.0	Bad Overlap
seq1_29-seq9_78	0.07437636229633470009	0.4463407727976773314	0.0	Bad Overlap
seq1_29-seq4_85	0.0028043864738415125139	0.01868708654737288682	0.011200187167090471114	Bad Overlap
seq1_31-seq5_71	0.081158004288984286526	0.49319394358155126302	0.27515496466661974387	Bad Overlap
seq1_31-seq4_63	0.0032565697373036337638	0.023758731394402153914	0.0140502700042431614344	Bad Overlap
seq1_32-seq3_93	0.010564206539626607876	0.08740278075208313186	0.054586626827583485085	Bad Overlap
seq1_33-seq7_47	0.071458437047925471604	0.45862125686934294134	0.24875781960729459164	Bad Overlap
seq1_33-seq9_37	0.04365601889579760077	0.2749023880648211383	0.14591745459294598903	Bad Overlap
seq1_34-seq8_19	0.031067245617159775877	0.18032939256121635324	0.09875560796938130252	Bad Overlap
seq1_36-seq3_73	0.08163699732280059359	0.5383060846099866535	0.31778600014937218184	Bad Overlap
seq1_39-seq3_51	0.07646417811224204839	0.55515120614805205156	0.3348713030783767876	Bad Overlap
seq1_39-seq6_70	0.008113683985002701315	0.05157195184126776377	0.029022778844584308423	Bad Overlap
seq1_40-seq4_58	0.082252921465105627574	0.5214982378422711465	0.30224688044973867422	Bad Overlap
seq1_40-seq5_82	0.086554451551808792184	0.5061743031143781875	0.28778922208430974316	Bad Overlap
seq1_42-seq6_18	0.00648564337240540913	0.051825127450350438345	0.029650990266377635619	Bad Overlap
seq1_43-seq4_78	0.04307516021167178297	0.27140004485544785422	0.1583441823222649791	Bad Overlap
seq1_43-seq7_35	0.08510040728678372344	0.49452036311773899655	0.27208308203594606676	Bad Overlap
seq1_44-seq2_85	0.028663666436136857725	0.20787612464947021955	0.12839139034352389673	Bad Overlap
seq1_44-seq1_53	0.062141458452033272185	0.45409682707750314342	0.2963337657234303002	Good Overlap
seq1_44-seq3_46	0.0101539518060705586305	0.08041446390120848723	0.04939802061745288108	Bad Overlap
seq1_46-seq7_71	0.05852328419844515997	0.36314573220789937038	0.19439576927076405546	Bad Overlap
seq1_46-seq1_7	0.024353900361441971513	0.18645739032819193159	0.12137237226407959679	Good Overlap
seq1_46-seq2_73	0.008088374446026536107	0.05703773104342412734	0.03557382001079455015	Bad Overlap
seq1_50-seq2_68	0.07319664738153837567	0.5450093753784564305	0.3312496088678729817	Bad Overlap
seq1_50-seq7_79	0.07022525228942664696	0.49792620195703230328	0.27925345093338683428	Bad Overlap
seq1_51-seq3_84	0.03646530415625720499	0.2344124328417637234	0.13942588770356341254	Bad Overlap
seq1_51-seq4_56	0.008067693029187527112	0.05884605984375601318	0.033588241296010621583	Bad Overlap
seq1_52-seq4_88	0.07983043583531988425	0.52330049684463115047	0.30105048918265510383	Bad Overlap
seq1_52-seq7_74	0.03134260138833244798	0.18782487935533578254	0.1023092907264823545	Bad Overlap
seq1_52-seq9_35	0.03216682611319405607	0.20526342314556830108	0.10615673861821585093	Bad Overlap
seq1_53-seq2_85	0.025368691651136071764	0.19099224855943236816	0.11839592382875027918	Bad Overlap
seq1_53-seq3_46	0.014240051142079050918	0.107305173624911288316	0.0653417028515524593	Bad Overlap
seq1_54-seq4_53	0.08016306564827578355	0.52363672617906492293	0.30225164148183423547	Bad Overlap
seq1_54-seq6_3	0.049161189541168882684	0.28029309071774176197	0.15354593746962979034	Bad Overlap
seq1_55-seq8_74	0.061469532560582896515	0.36282068400881622324	0.1959813024773378157	Bad Overlap
seq1_55-seq3_74	0.0610102852079469462	0.37048278361317771578	0.21982123080267397687	Bad Overlap
seq1_57-seq7_52	0.07822059514071384177	0.4505055878707616809	0.2463230654482047656	Bad Overlap
seq1_58-seq9_98	0.023179407447758151184	0.13127820038148589114	0.0	Bad Overlap
seq1_58-seq5_77	0.0063149654460648897637	0.041455807880411860828	0.0246698199309402483	Bad Overlap
seq1_58-seq6_84	0.0025823178158505046746	0.01634641700812203821	0.009548399178490876059	Bad Overlap
seq1_59-seq1_90	0.071909419094724795555	0.5866790768623085779	0.3877084134799969655	Good Overlap
seq1_60-seq2_81	0.08220938947811481725	0.56637834699686819207	0.35280831322293147425	Bad Overlap
seq1_61-seq1_82	0.051056940897468419698	0.38716113658278477702	0.2521331975912314422	Good Overlap
seq1_63-seq8_93	0.077574851898614555345	0.42735549533255651192	0.22885516693565425248	Bad Overlap
seq1_63-seq8_44	0.077141312263757072086	0.48136905559513356627	0.26085447483308231445	Bad Overlap
seq1_64-seq5_14	0.0309800686594404897	0.19100017727389234702	0.10519536415533274064	Bad Overlap
seq1_66-seq1_86	0.0022238839864342703948	0.020706913201518976642	0.014186563112575480875	Good Overlap
seq1_67-seq9_91	0.02562479683745886719	0.14043441729289608758	0.07479240843848045316	Bad Overlap
seq1_68-seq9_52	0.048145498593935949435	0.3152236568596192669	0.1662288757680815248	Bad Overlap
seq1_68-seq5_71	0.008678953615077199601	0.04360431044703097625	0.023766099349234648027	Bad Overlap
seq1_69-seq7_21	0.06311152373294478048	0.3914339169775873571	0.21313732608681663467	Bad Overlap
seq1_71-seq7_78	0.016941011941461463518	0.10114428409912674072	0.0546610858528720428	Bad Overlap
seq1_71-seq3_71	0.07453903066705444829	0.4482033432285887151	0.2569233655518548641	Bad Overlap
seq1_72-seq5_98	0.08214416398836363725	0.5224646092899776964	0.3021813150798984633	Bad Overlap
seq1_72-seq9_41	0.040024933333869288182	0.2313336767162911146	0.12033895957754588358	Bad Overlap
seq1_73-seq7_81	0.045201986313707503576	0.28712549620100380953	0.15559844963874233638	Bad Overlap
seq1_73-seq8_75	0.05163584009605280938	0.3088147701543096521	0.16098211246001898918	Bad Overlap
seq1_74-seq9_76	0.07894881889747481746	0.4624582130282985164	0.24243675440592757871	Bad Overlap
seq1_74-seq5_24	0.021983475161285027355	0.12787763514708289804	0.07226728015884028489	Bad Overlap
seq1_74-seq9_32	0.013884088616406276279	0.08287242086495979444	0.044337345721844778	Bad Overlap
seq1_76-seq8_89	0.06459181870582397011	0.39068006442375929156	0.0	Bad Overlap
seq1_76-seq6_47	0.007386589051780964695	0.046981205267417224433	0.027456330685167740425	Bad Overlap
seq1_76-seq7_69	0.006163096737780488027	0.040991752400111679787	0.02259797659998132719	Bad Overlap
seq1_77-seq5_86	0.010563557788773042221	0.06690757673388074025	0.038094046907018366998	Bad Overlap
seq1_78-seq4_16	0.018219388277733778358	0.114615813518852050905	0.066592412611345916684	Bad Overlap
seq1_79-seq6_75	0.016809489681070662021	0.10556147875972382295	0.056432889196347348925	Bad Overlap
seq1_80-seq2_96	0.052713921948804489615	0.34929633851897494572	0.21376028646668234405	Bad Overlap
seq1_80-seq7_92	0.03742712994537819518	0.2404355552371988486	0.13243128623158761325	Bad Overlap
seq1_81-seq5_66	0.02719513458581580854	0.16645088683906895561	0.09376761540048804644	Bad Overlap
seq1_81-seq8_27	0.02644474677359760853	0.1497783940317409253	0.07608210914778603754	Bad Overlap
seq1_81-seq5_63	0.0025916872359942657468	0.01633494275510223862	0.009173415232345307573	Bad Overlap
seq1_83-seq2_94	0.04145432911146497048	0.28759528156717677444	0.17521950513603988342	Bad Overlap
seq1_83-seq9_24	0.082649055176568495595	0.4615643643318236639	0.24362367408737523889	Bad Overlap
seq1_85-seq2_90	0.059008853506621486726	0.41083971945311722158	0.0	Bad Overlap
seq1_86-seq7_85	0.082391730292284572235	0.0	0.0	Bad Overlap
seq1_86-seq6_38	0.0644507911309742337	0.41523348057118971102	0.23128537530196485935	Bad Overlap
seq1_86-seq6_67	0.025928146334613953874	0.15607673850980333088	0.086777966834654514414	Bad Overlap
seq1_86-seq2_30	0.0060914697915925858804	0.041420983268133997814	0.024662100727070677808	Bad Overlap
seq1_86-seq8_28	0.078189260373542466576	0.4539943850953154188	0.24060011182438884617	Bad Overlap
seq1_88-seq4_81	0.061329587278789152713	0.40030317090697873546	0.2302175305762371341	Bad Overlap
seq1_89-seq7_89	0.019799110101627711058	0.120621869903348799893	0.0	Bad Overlap
seq1_89-seq5_32	0.036690020290129357443	0.22194640880242345176	0.125378065186666385	Bad Overlap
seq1_89-seq5_75	0.012933787782911506986	0.077348656802286835274	0.042761793691627848393	Bad Overlap
seq1_90-seq2_44	0.08467095130698282831	0.5554733940171430594	0.33567805973789405642	Bad Overlap
seq1_90-seq3_39	0.035009985733084993267	0.26594874783807074268	0.16479660169287386243	Bad Overlap
seq1_90-seq9_13	0.020026358136756325176	0.11103104936581777355	0.056136883550953033	Bad Overlap
seq1_90-seq3_29	0.083098500229337821386	0.50777700131606117053	0.2973197086020903096	Bad Overlap
seq1_91-seq6_65	0.06966099273110199596	0.40256037621747832586	0.0	Bad Overlap
seq1_91-seq4_55	0.028672929100633863887	0.16967087700224672612	0.09679707817673254806	Bad Overlap
seq1_91-seq9_36	0.021685713106255799904	0.114398460705394155154	0.057799465324668306235	Bad Overlap
seq1_92-seq9_23	0.013732799131323333515	0.080053674803297299365	0.04142631375380691762	Bad Overlap
seq1_93-seq4_98	0.03486708507694387673	0.23129082609798673607	0.0	Bad Overlap
seq1_93-seq2_95	0.018265259176086451018	0.12347194268539359495	0.0736806820695617394	Bad Overlap
seq1_93-seq8_39	0.012585874856377151267	0.07345081495569986365	0.037972565722424966004	Bad Overlap
seq1_94-seq8_86	0.06643299914205402926	0.37854165477833971008	0.0	Bad Overlap
seq1_94-seq5_87	0.0831603755424867053	0.50948366595156225316	0.28781644893997241993	Bad Overlap
seq1_94-seq5_16	0.025972999507913181255	0.15310319162639878398	0.08462192961796487769	Bad Overlap
seq1_94-seq4_87	0.080332341756549268863	0.52578786707614532417	0.31445362752233022735	Bad Overlap
seq1_95-seq5_62	0.02866158039439366697	0.18564877825924902447	0.10626229682499716306	Bad Overlap
seq1_95-seq6_21	0.014983789644307560836	0.09379949906743295403	0.052986399925559597858	Bad Overlap
seq1_95-seq9_56	0.009474367348200338467	0.053924662334885681804	0.028372206918200782684	Bad Overlap
seq1_95-seq8_46	0.07438497810546638198	0.47886699841308634932	0.25630205995369488974	Bad Overlap
seq10_7-seq10_89	0.010236460546401553415	0.06675941825110815024	0.044048705535445646968	Good Overlap
seq10_13-seq2_39	0.029602177910018663346	0.20949126544425564218	0.115323140655246741477	Bad Overlap
seq10_15-seq3_92	0.06290891687837160641	0.34697178829931526393	0.16878350540689883425	Bad Overlap
seq10_18-seq10_69	0.069679104519492014315	0.4787780520784534938	0.30577950367624745154	Good Overlap
seq10_18-seq7_84	0.074651910759052954815	0.34678538946488765893	0.15267390533185901939	Bad Overlap
seq10_20-seq2_68	0.028773029422150427775	0.17089343463253516276	0.08661631503871229233	Bad Overlap
seq10_20-seq7_79	0.039474569207000702008	0.22909654370759206691	0.108712437646007516606	Bad Overlap
seq10_21-seq1_76	0.003302835147732673422	0.023014224979893716444	0.012588541469585889309	Bad Overlap
seq10_26-seq1_93	0.008741936641372715276	0.050150612447675228012	0.025951659243383418458	Bad Overlap
seq10_30-seq5_80	0.020875119656055017707	0.12508938225708911525	0.060219054476085072484	Bad Overlap
seq10_32-seq2_62	0.02911773577750380595	0.16985136910572239444	0.08482004874805497569	Bad Overlap
seq10_32-seq6_89	0.049725643973587076516	0.25809416106764200146	0.120878802146188687096	Bad Overlap
seq10_42-seq1_51	0.03780080127087084356	0.21519571089667171585	0.110470541338968405996	Bad Overlap
seq10_44-seq4_90	0.024754756434032892043	0.13028378546549110201	0.0627941125929438966	Bad Overlap
seq10_46-seq10_76	0.08035486442800048035	0.6127389015745794961	0.40171378416963898558	Good Overlap
seq10_47-seq5_69	0.059907215013333151256	0.28642417625956437155	0.13528540909588086096	Bad Overlap
seq10_47-seq7_89	0.034116931789528088854	0.17964780865348915388	0.08278963946219004792	Bad Overlap
seq10_49-seq2_82	0.04041832318428787357	0.22422497113219991826	0.11234885866053054889	Bad Overlap
seq10_50-seq1_56	0.07746967831083361083	0.43522857111474658802	0.22418384747533606316	Bad Overlap
seq10_52-seq10_85	0.04449654871566484459	0.33001967067757877007	0.21567395428823441514	Good Overlap
seq10_52-seq7_24	0.024781264344810754464	0.1293358892139949727	0.0590891855448407772	Bad Overlap
seq10_52-seq7_7	0.020486916534736632735	0.11097983764725547354	0.0514763859239808779	Bad Overlap
seq10_56-seq2_93	0.015251373180086259783	0.081922807722326029687	0.040906666415306032313	Bad Overlap
seq10_56-seq4_75	0.07529028440811622459	0.4020946190224666467	0.19610578030554064267	Bad Overlap
seq10_58-seq2_95	0.042572039440187567216	0.23617091907333974327	0.11403641877155360488	Bad Overlap
seq10_58-seq5_82	0.023499539105319837417	0.13102723265116256808	0.06263128338098493935	Bad Overlap
seq10_61-seq7_87	0.07688843255029914365	0.39391916768680374194	0.0	Bad Overlap
seq10_63-seq10_74	0.05403131281060426855	0.37620142685540557608	0.24556285014179771625	Good Overlap
seq10_65-seq9_93	0.027899404109184918085	0.13958154535607130445	0.06275998105297509344	Bad Overlap
seq10_69-seq7_84	0.07911813564664203164	0.0	0.0	Bad Overlap
seq10_71-seq6_81	0.07426233657346016339	0.38647540086837477136	0.0	Bad Overlap
seq10_71-seq8_16	0.070732647032947121676	0.34349933572136491692	0.16091751434970461896	Bad Overlap
seq10_72-seq4_18	0.03254905835560010087	0.1889777825296308183	0.09470057315799013801	Bad Overlap
seq10_72-seq7_56	0.07656333093130731888	0.3775519579113408425	0.1722620485621653084	Bad Overlap
seq10_73-seq1_21	0.025639260161145903933	0.15861356362793764963	0.080710439036244591256	Bad Overlap
seq10_75-seq2_74	0.054330599114045432447	0.33385533529016062686	0.16593223908282309682	Bad Overlap
seq10_77-seq6_12	0.02161611406761276444	0.109703456474674669594	0.04984840616302220812	Bad Overlap
seq10_79-seq9_66	0.038256333620859303793	0.1940248004825434202	0.088492359101083186176	Bad Overlap
seq10_79-seq6_14	0.039759127172827533267	0.2145357170890980225	0.101695685400999818074	Bad Overlap
seq10_81-seq8_82	0.075247654375994831787	0.0	0.0	Bad Overlap
seq10_81-seq6_74	0.044641626268139385418	0.23541538447813854058	0.0	Bad Overlap
seq10_81-seq5_93	0.08175456481081584372	0.40072182666397990195	0.1899489556377038222	Bad Overlap
seq10_81-seq7_38	0.02065486612863916443	0.112101394699816831884	0.05187788502129181918	Bad Overlap
seq10_83-seq9_99	0.07581618789363400105	0.0	0.0	Bad Overlap
seq10_85-seq7_24	0.060999765018402111607	0.33895518157417280086	0.15739965881746805222	Bad Overlap
seq10_86-seq6_68	0.07628950362340155303	0.40460196442517803073	0.1913238682794300208	Bad Overlap
seq10_86-seq7_31	0.017785614785464948405	0.085775781021966062126	0.038293954579342250917	Bad Overlap
seq10_87-seq7_82	0.075678484831568704535	0.3927115012043307988	0.0	Bad Overlap
seq10_90-seq8_88	0.018710772280317648786	0.09300917951967489221	0.041207218772129116233	Bad Overlap
seq10_91-seq1_22	0.013425840662972880852	0.079063120770272835665	0.040284028337882881902	Bad Overlap
seq10_92-seq4_53	0.019281071725403002412	0.09765015859404440476	0.046996723966038872655	Bad Overlap
seq10_92-seq1_54	0.009492125174150549989	0.05798055818443966795	0.029485634525367348434	Bad Overlap
seq10_93-seq7_62	0.049038045429451598258	0.2588733719532538103	0.0	Bad Overlap
seq10_94-seq3_87	0.06476668396324909564	0.0	0.0	Bad Overlap
seq10_94-seq2_79	0.022815478833703834684	0.11871325851373987364	0.06008619817288516368	Bad Overlap
seq10_94-seq9_94	0.014452741486744056765	0.07531097028921169883	0.0	Bad Overlap
seq10_94-seq2_26	0.0076737286279155840137	0.04307450947647003827	0.022158868236175457466	Bad Overlap
seq10_95-seq4_64	0.071429336978173020784	0.3679001972666800269	0.0	Bad Overlap
seq10_95-seq6_41	0.050391101331564989368	0.26087470013313969087	0.119578206581195934224	Bad Overlap
seq10_95-seq6_32	0.07604880975201234944	0.38040095838729191623	0.17545884776079426774	Bad Overlap
seq10_96-seq1_64	0.026530498893768599123	0.1520605443419440719	0.0	Bad Overlap
seq10_96-seq7_39	0.046108664266976948084	0.24128418727732388717	0.0	Bad Overlap
seq10_96-seq5_14	0.0087388924127124966106	0.046561988079483970677	0.022205801113565583103	Bad Overlap
seq6_5-seq7_90	0.0101844377156798225476	0.05895152013499246199	0.028462928816964677476	Bad Overlap
seq6_5-seq9_78	0.015996034607144131154	0.08464524123225810055	0.04138371241680072121	Bad Overlap
seq6_17-seq8_85	0.021142612989184945558	0.119879547461333681974	0.0602317953254425273	Bad Overlap
seq6_24-seq7_46	0.06627214474701392812	0.41295883475697543738	0.20319842938296475749	Bad Overlap
seq6_28-seq7_60	0.017205733844217772491	0.090141336667475035875	0.045025830423579809625	Bad Overlap
seq6_29-seq6_8	0.008764909376685344016	0.060488867886060780468	0.036523602980205155595	Good Overlap
seq6_32-seq6_41	0.0074341116896507038767	0.054774866833502715083	0.036295605236852897467	Good Overlap
seq6_34-seq8_28	0.014392133819093994458	0.07694121728144557439	0.038118139880053139575	Bad Overlap
seq6_35-seq7_17	0.07570624437383769483	0.42232474636930863483	0.20782419433493460391	Bad Overlap
seq6_38-seq7_85	0.024210450137959174142	0.13131787481351048314	0.06385539253862384145	Bad Overlap
seq6_41-seq6_62	0.03774121030902853865	0.29279177941857624645	0.19595982301852011099	Good Overlap
seq6_43-seq9_53	0.06965341108260249861	0.41440787002786972482	0.1997827405734942094	Bad Overlap
seq6_45-seq9_85	0.0139393554934115652325	0.069356703649303259755	0.03270483322550806034	Bad Overlap
seq6_46-seq6_52	0.07708742936235125276	0.60970085149521536947	0.3982381059717698922	Good Overlap
seq6_50-seq6_91	0.004528906869765295304	0.034214282047996253577	0.021804472061250337272	Good Overlap
seq6_53-seq6_75	0.0111454107228636062325	0.08572917458141890859	0.05643029990543776291	Good Overlap
seq6_55-seq7_94	0.011568061232163357717	0.0603795394470599544	0.029656427571322196338	Bad Overlap
seq6_57-seq8_42	0.024939185884344160808	0.1318334755275989523	0.06434122622963424702	Bad Overlap
seq6_59-seq8_92	0.07459883453650835898	0.41911589866632716398	0.2061074348338363171	Bad Overlap
seq6_65-seq9_36	0.020480475609548248703	0.11254612011299661768	0.05377123735876557609	Bad Overlap
seq6_67-seq7_85	0.027723002132509793213	0.16495933624626572941	0.082292167085810099256	Bad Overlap
seq6_72-seq9_96	0.07463747103590076064	0.4022256951905202712	0.0	Bad Overlap
seq6_73-seq7_41	0.023841949946228993605	0.12848384775051052243	0.06160240201800789978	Bad Overlap
seq6_74-seq8_82	0.068474158972386251145	0.37382414966019805673	0.0	Bad Overlap
seq6_74-seq7_38	0.040551689792289363655	0.23977974205074347126	0.12036264646990872136	Bad Overlap
seq6_76-seq9_74	0.07462267516555735032	0.44427560724039321324	0.22098685033046950733	Bad Overlap
seq6_78-seq7_51	0.028006462323591423827	0.15502330103066326585	0.07689355499339066257	Bad Overlap
seq6_81-seq8_16	0.050435607303840209885	0.27040604147692727651	0.13199710854824629053	Bad Overlap
seq6_81-seq7_15	0.07885162954464083551	0.42010584680889802702	0.20637541802001499974	Bad Overlap
seq6_84-seq7_91	0.02483946545530068239	0.13311178506505724246	0.0	Bad Overlap
seq6_84-seq9_98	0.01958734779157236756	0.10659323910173413939	0.051707986788851474352	Bad Overlap
seq6_84-seq9_57	0.0750414307040474506	0.41583946710589851322	0.20106511473382655198	Bad Overlap
seq6_85-seq8_69	0.07765650516727420232	0.43305431772495889787	0.0	Bad Overlap
seq6_85-seq7_50	0.076321199022508072685	0.43067447702203654936	0.21029613271100178763	Bad Overlap
seq6_86-seq9_92	0.021550089046234084528	0.12271826698602599467	0.058753651548126721464	Bad Overlap
seq6_86-seq7_57	0.016197141380723051375	0.08473420405061061958	0.041030021763520272183	Bad Overlap
seq6_87-seq8_58	0.041852234880524633213	0.22048121619166570694	0.107110556494810428235	Bad Overlap
seq6_89-seq8_34	0.06459191682655171981	0.35721084260007315977	0.17579203967802801878	Bad Overlap
seq6_90-seq7_67	0.08190533583948313474	0.43825812888479348	0.0	Bad Overlap
seq6_90-seq7_87	0.013407539751069413233	0.080606631950822310864	0.041261097943962954593	Bad Overlap
seq6_91-seq8_24	0.030983946792042429805	0.1637190805779550054	0.079374949556056205254	Bad Overlap
seq6_92-seq7_83	0.07487798626434931216	0.0	0.0	Bad Overlap
seq2_6-seq5_98	0.010771843902495528396	0.05769114956777636724	0.032684958295427202913	Bad Overlap
seq2_8-seq9_97	0.021893004963091878778	0.12235090672145912281	0.061073356925841386023	Bad Overlap
seq2_10-seq8_52	0.042525394765877214748	0.2421946509764048159	0.12844058532475594904	Bad Overlap
seq2_11-seq4_12	0.035103086163951657967	0.20570527468537809993	0.1159776742128587447	Bad Overlap
seq2_12-seq9_89	0.015565621409656934516	0.088347039482044167	0.044692150754003076108	Bad Overlap
seq2_13-seq6_85	0.023717143630448674583	0.14490469876451244088	0.081056576589745623525	Bad Overlap
seq2_13-seq8_69	0.08315065221742212145	0.47076197947545829104	0.25081004996676470905	Bad Overlap
seq2_16-seq5_85	0.037829286554405274533	0.23045366500761681037	0.12625073234087043776	Bad Overlap
seq2_17-seq9_95	0.06303723297685386544	0.3358174953075365095	0.1701455518048806673	Bad Overlap
seq2_19-seq2_93	0.013223932695676454049	0.09790818932974349783	0.0653070029179893326	Good Overlap
seq2_19-seq4_75	0.08110695512026167537	0.51508512340526062457	0.30307238871652672537	Bad Overlap
seq2_20-seq2_91	0.08482872621280933219	0.60619186269232308865	0.39640922294698346064	Good Overlap
seq2_21-seq5_96	0.020887734269861706467	0.12733278549719572606	0.07057239404237740271	Bad Overlap
seq2_26-seq9_94	0.012620342230899820644	0.065954417114415247755	0.033239464385456266747	Bad Overlap
seq2_28-seq8_93	0.008273534985486632094	0.04427604148957460877	0.022676728199237054769	Bad Overlap
seq2_32-seq5_92	0.022616803838720246605	0.14012689751831917893	0.08050237156885371134	Bad Overlap
seq2_34-seq3_93	0.030795736325550659967	0.2041358927865886826	0.12048794369929610128	Bad Overlap
seq2_34-seq3_70	0.077773264699616174535	0.5590914455716954485	0.33703256945194495756	Bad Overlap
seq2_36-seq2_76	0.059238488585633769888	0.43445047226285342113	0.27782152345683073675	Good Overlap
seq2_37-seq8_80	0.039987304193696748044	0.22256182766064560521	0.11694642581789081038	Bad Overlap
seq2_38-seq4_85	0.037882331520550986607	0.240943637243127848	0.1327357446354125251	Bad Overlap
seq2_38-seq7_90	0.043982967492921065784	0.25445311442179223093	0.12964502980965879252	Bad Overlap
seq2_38-seq9_31	0.08017317663399084977	0.4604584115615316262	0.24620410862301732671	Bad Overlap
seq2_40-seq2_56	0.014213098817180129249	0.11072703596202863307	0.06745307435553556795	Good Overlap
seq2_41-seq2_72	0.08219394385575803973	0.615627938242577761	0.4070193150747383414	Good Overlap
seq2_42-seq7_43	0.050571771864864537075	0.3402882923222494077	0.18256643421033254577	Bad Overlap
seq2_43-seq2_65	0.055285971036604673936	0.36766085606491628212	0.23920551765125284743	Good Overlap
seq2_43-seq5_73	0.011962548426276546541	0.07611539248150369317	0.041093864749842024157	Bad Overlap
seq2_44-seq3_29	0.07697506837994890994	0.5230447993626107911	0.30042176064608891908	Bad Overlap
seq2_44-seq3_39	0.005135828739466867745	0.030058099952502699066	0.017299151601794988512	Bad Overlap
seq2_45-seq2_78	0.07895555849462416421	0.60407769801480124276	0.39157251922915045796	Good Overlap
seq2_45-seq5_51	0.0670056039032275115	0.43331502004382881923	0.24023664514584085344	Bad Overlap
seq2_45-seq2_93	0.08440989375073733232	0.59130700205442801283	0.3833302475533907549	Good Overlap
seq2_46-seq5_9	0.02073635699162293271	0.12821607484391262267	0.069636688514320684776	Bad Overlap
seq2_46-seq3_36	0.011530160099665104215	0.08635284674074754235	0.06019706150441030386	Bad Overlap
seq2_50-seq8_52	0.016021265083490768108	0.08959692014964574029	0.048221627882776515384	Bad Overlap
seq2_52-seq3_85	0.01468117956070254342	0.09978687963664913271	0.057399983894196796506	Bad Overlap
seq2_52-seq6_77	0.022025802722670060561	0.1283044431772786088	0.069365723841405804576	Bad Overlap
seq2_53-seq9_18	0.07902463095729684854	0.43680552134383375756	0.2195270928014953046	Bad Overlap
seq2_55-seq5_60	0.07852678753737403109	0.5060907749334897851	0.28329916940301891093	Bad Overlap
seq2_55-seq9_45	0.02316057260366233961	0.13487523023861241805	0.069232644789905338266	Bad Overlap
seq2_58-seq3_91	0.017423622611766879436	0.12068956370357575093	0.06993426514335817887	Bad Overlap
seq2_59-seq8_69	0.0036195661355476141452	0.019889104326663568892	0.010432229570187479304	Bad Overlap
seq2_62-seq6_89	0.07596792964235244399	0.46876163928542437056	0.0	Bad Overlap
seq2_62-seq8_34	0.078452188975575296286	0.46698200475612512244	0.24435212309393807027	Bad Overlap
seq2_62-seq3_55	0.023593429327085336662	0.14347322891636888865	0.082444457455771171736	Bad Overlap
seq2_62-seq7_29	0.013722687973961654964	0.08405102736365601842	0.04303392547817433329	Bad Overlap
seq2_63-seq9_30	0.007846642265525699706	0.04735060144620217679	0.025226274601546456401	Bad Overlap
seq2_65-seq5_73	0.026583427516880830313	0.17517147463227242574	0.097335334501506537956	Bad Overlap
seq2_66-seq6_54	0.039707529179024629743	0.24840038092464777017	0.1365434558812531821	Bad Overlap
seq2_67-seq5_84	0.08051473444578626006	0.4953204084824618445	0.27624652657425262427	Bad Overlap
seq2_68-seq7_79	0.07435482700966408274	0.47868035773362275852	0.257592833592198261	Bad Overlap
seq2_69-seq9_71	0.07352502497973585546	0.37417429689834780506	0.18300216157550881759	Bad Overlap
seq2_72-seq4_1	0.03488255546481948106	0.21887440063326675277	0.12372937687108463742	Bad Overlap
seq2_73-seq7_71	0.07464259586140972826	0.4663635715469279284	0.24980444275837616834	Bad Overlap
seq2_75-seq3_67	0.030736254130387847025	0.20553404225493166424	0.117034720452190237446	Bad Overlap
seq2_77-seq6_26	0.07480025997854512334	0.4590432979958867755	0.24543789011251756158	Bad Overlap
seq2_78-seq2_93	0.08032043538492958822	0.6120395911177138366	0.40193436577391275594	Good Overlap
seq2_78-seq5_51	0.037376464376758089923	0.24049747616978372549	0.13536883268614120889	Bad Overlap
seq2_79-seq3_87	0.04881698927658259016	0.30757262110320091798	0.17586383584635367044	Bad Overlap
seq2_80-seq6_71	0.07991905864179930475	0.46966898546073148642	0.2485720562079432315	Bad Overlap
seq2_83-seq6_83	0.014992662936276688046	0.09283437564250986031	0.052005588467856394542	Bad Overlap
seq2_83-seq5_31	0.0129528844574546620035	0.08025268493921818388	0.044943195430245724223	Bad Overlap
seq2_83-seq6_9	0.015993957134186952646	0.10501802888214816376	0.059093908495353912604	Bad Overlap
seq2_83-seq2_92	0.011957770880674502238	0.08623254023894472955	0.053702092587916237064	Good Overlap
seq2_84-seq4_74	0.0044404158514489057476	0.031877283976908414895	0.018537680010315302978	Bad Overlap
seq2_85-seq3_49	0.0135488536140236816325	0.081288642314877900864	0.0467464500587519719	Bad Overlap
seq2_85-seq3_46	0.01525998266727114979	0.112274685950930583866	0.069370656627146326654	Bad Overlap
seq2_86-seq3_34	0.05576727349391384661	0.3478116921523288416	0.20226802297954006966	Bad Overlap
seq2_87-seq5_38	0.017529032950389856754	0.10095051222853987544	0.05539716846018424331	Bad Overlap
seq2_89-seq8_94	0.03135744746714813315	0.18134900884861409987	0.0	Bad Overlap
seq2_89-seq4_51	0.005130611601434969286	0.029996392116412426956	0.017691153473762313815	Bad Overlap
seq2_89-seq5_59	0.020317925181516287916	0.121308361857109400885	0.06557561582494023109	Bad Overlap
seq2_91-seq9_77	0.0272334236792155101	0.15912882101891803016	0.0801622418307832606	Bad Overlap
seq2_92-seq5_31	0.035240040459892426264	0.22561672668308824822	0.12873883993367257487	Bad Overlap
seq2_92-seq6_83	0.009642736254711197842	0.06957182124786536232	0.038954543117232639608	Bad Overlap
seq2_93-seq4_75	0.0775977894889215415	0.51290631551875289157	0.29062016865150392932	Bad Overlap
seq2_94-seq9_24	0.048203922926645633974	0.28040771171191551447	0.14513311013686979196	Bad Overlap
seq2_95-seq4_98	0.08146090053916529842	0.0	0.0	Bad Overlap
seq2_95-seq5_82	0.015287866652344762439	0.097050253896101825	0.054246762954514650204	Bad Overlap
seq2_96-seq7_92	0.071571172795721704836	0.0	0.0	Bad Overlap
seq2_96-seq8_4	0.027255192417434160931	0.15551480051476533212	0.082477915002844974216	Bad Overlap
seq2_97-seq2_98	0.083207977382773073326	0.0	0.0	Good Overlap
seq2_97-seq5_48	0.036247383090169224735	0.2278867627272957391	0.124883372974495116794	Bad Overlap
seq2_97-seq4_38	0.00857412494565596073	0.05356904452543309789	0.02980727520164573134	Bad Overlap
seq2_97-seq7_71	0.0017104937721054577754	0.01096391228672564775	0.0059988047114183946435	Bad Overlap
seq2_98-seq5_48	0.019678871192317674694	0.11954156649062955562	0.066066302731128570095	Bad Overlap
seq2_98-seq7_11	0.015141576265130204465	0.08719776427130602343	0.047186658645287785574	Bad Overlap
origSeq_4-seq3_78	0.03069192080964516467	0.20150544033387090358	0.124554530186592995996	Bad Overlap
origSeq_5-seq6_34	0.03397884643509963854	0.21629785539680247556	0.12259730855842709623	Bad Overlap
origSeq_6-seq3_25	0.03267322628469801162	0.20985922231286924178	0.13459970199211887504	Bad Overlap
origSeq_10-seq4_38	0.013510212134723656751	0.08797794791031911485	0.05486624941947336091	Bad Overlap
origSeq_10-seq2_97	0.05807968945743578668	0.45712732093318057933	0.26674469845301853493	Bad Overlap
origSeq_12-seq7_66	0.083459216467689828247	0.485621243021653056	0.26694787824119954128	Bad Overlap
origSeq_13-seq10_66	0.023044421449832100024	0.12717076625317397927	0.065493395916215692236	Bad Overlap
origSeq_14-seq6_75	0.036000667600758585686	0.23820133583292609647	0.1372588269871172618	Bad Overlap
origSeq_14-seq4_49	0.0074592800757333135642	0.05186020961547281467	0.031325292870215333383	Bad Overlap
origSeq_17-seq1_81	0.07031271748569319493	0.53384798422231421154	0.34401984837910200944	Bad Overlap
origSeq_17-seq5_66	0.05227830516385972688	0.34896469520001590657	0.19772197282974269396	Bad Overlap
origSeq_17-seq5_63	0.0035530988258492025048	0.02296937898110414054	0.012945600276779062871	Bad Overlap
origSeq_18-seq10_78	0.013483289515107988568	0.08618237054016928898	0.0441578675512535128	Bad Overlap
origSeq_19-seq4_96	0.07078064812140778874	0.47575106696344676363	0.28514936414029866526	Bad Overlap
origSeq_22-seq9_50	0.04820487553744624629	0.29301008909048807197	0.15374345727789821442	Bad Overlap
origSeq_23-seq2_41	0.048102501092766025445	0.325729930753264594	0.1984712320208940043	Bad Overlap
origSeq_23-seq2_72	0.073408148907341936534	0.5441011287402317849	0.3249104781922127165	Bad Overlap
origSeq_24-seq2_50	0.043297612315336873306	0.27989858281231731814	0.18105805115078650607	Bad Overlap
origSeq_25-origSeq_55	0.015114067528698443256	0.11554273504223036947	0.07681537763285064607	Good Overlap
origSeq_26-seq1_89	0.015088793053468640932	0.11475299610809399714	0.07139702428920378947	Bad Overlap
origSeq_27-seq7_88	0.027742458689972247698	0.17665590170402888848	0.10005775218786854663	Bad Overlap
origSeq_28-seq3_18	0.022616315987276867877	0.18261342575010557112	0.11519739136489222158	Bad Overlap
origSeq_32-seq4_26	0.05365346246474998359	0.3683922774165536951	0.21489885189122162792	Bad Overlap
origSeq_32-seq10_84	0.073050126927716534144	0.4799096238488408697	0.25990868467101544713	Bad Overlap
origSeq_33-seq7_78	0.027469697610042305073	0.18068249201825991725	0.09957959360135894001	Bad Overlap
origSeq_33-seq1_24	0.022344400273327340599	0.167412659023467419	0.11055767556774022624	Bad Overlap
origSeq_34-seq1_30	0.075740893103794511206	0.57824457181291894674	0.37073398874191151954	Bad Overlap
origSeq_35-seq5_2	0.052343200660980331374	0.3301732993829472349	0.19249813425309708962	Bad Overlap
origSeq_35-origSeq_50	0.062313383161168519453	0.45213720962888130162	0.30200763214889120547	Good Overlap
origSeq_36-origSeq_85	0.023334272250530491225	0.17284198626561774744	0.116559648512588646125	Good Overlap
origSeq_36-seq7_82	0.014207159671008231152	0.08426459725078869524	0.046993017375867265275	Bad Overlap
origSeq_37-seq6_91	0.0040422192152027448777	0.029570678624134365424	0.016781536364375600428	Bad Overlap
origSeq_38-seq6_81	0.073022494298171247106	0.53017478477115404515	0.3083731582703869408	Bad Overlap
origSeq_38-seq10_71	0.07293468360568543857	0.4637545527089145198	0.237629735881962056	Bad Overlap
origSeq_39-seq2_83	0.028332178582391800332	0.18793728690301050745	0.11517575401800091387	Bad Overlap
origSeq_41-seq6_24	0.08205701367537237673	0.51241130144894309414	0.289500974545987411	Bad Overlap
origSeq_41-seq7_46	0.08089609689347909463	0.48765282469497327287	0.26850622373196695393	Bad Overlap
origSeq_42-seq4_34	0.08361751225501669127	0.5746441329919006812	0.35832471409895118403	Bad Overlap
origSeq_45-origSeq_47	0.056831861083573863436	0.41789116919000682775	0.270261324551718394	Good Overlap
origSeq_45-seq5_49	0.0189217810122862373	0.12382471597683368605	0.070118197686377146634	Bad Overlap
origSeq_46-seq10_62	0.046782745560481802093	0.2819387824573190663	0.1477094409438506045	Bad Overlap
origSeq_46-seq8_80	0.017529638796279695567	0.11361620028882220484	0.06148737068226456738	Bad Overlap
origSeq_46-seq2_37	0.008798606518696143281	0.06281347125441491036	0.038083935918123553248	Bad Overlap
origSeq_47-seq5_49	0.032580026453028203735	0.21186426010808375829	0.119515476125973059423	Bad Overlap
origSeq_47-seq3_19	0.071214455412354785124	0.5707587538583065071	0.35292016502528378676	Bad Overlap
origSeq_47-seq4_24	0.073751035075653072196	0.53699822762645905077	0.32136917324958157348	Bad Overlap
origSeq_49-seq9_16	0.035725180709458211538	0.20469774085864200826	0.108069272569937615096	Bad Overlap
origSeq_49-origSeq_67	0.035358037920195475558	0.271603575109715562	0.17855880556482718874	Good Overlap
origSeq_49-seq6_83	0.07248722011729329087	0.5000826943751687961	0.285351182740464015	Bad Overlap
origSeq_50-seq5_2	0.01455736481509408657	0.09270013911899138467	0.051735656918476168988	Bad Overlap
origSeq_52-seq5_92	0.054165251253479682763	0.36963971617317975792	0.22481202547275395035	Bad Overlap
origSeq_52-seq2_32	0.07440665089869344997	0.5120135902525892355	0.30013205539596556927	Bad Overlap
origSeq_53-seq5_98	0.015119944189731911725	0.10610633067063360414	0.060734279680788202674	Bad Overlap
origSeq_53-seq7_10	0.049047777170641322734	0.2715063177284459498	0.15637740538033672653	Bad Overlap
origSeq_54-seq8_28	0.052388973332755910065	0.3058534881851366308	0.16253540870158683093	Bad Overlap
origSeq_54-seq7_85	0.012245527800529734393	0.07473256735536484606	0.041026537894939175812	Bad Overlap
origSeq_54-seq6_34	0.089134165414154370944	0.47778295482511782638	0.26060059378706204272	Bad Overlap
origSeq_56-seq4_93	0.021802592797829337161	0.15000511101647581037	0.08707797869259859721	Bad Overlap
origSeq_57-origSeq_98	0.026779336914103773877	0.20237308974193000973	0.13300767491263640818	Good Overlap
origSeq_58-seq7_60	0.07876804746758454977	0.4849379739555897987	0.26376577189628911595	Bad Overlap
origSeq_58-seq5_89	0.011395401256501746965	0.07243264140090061148	0.042169859788065442772	Bad Overlap
origSeq_58-seq6_73	0.007787728653549640603	0.050257916747879444605	0.028366348666036678431	Bad Overlap
origSeq_60-seq7_45	0.07277686350714586378	0.47479906289191579362	0.26934697375604952073	Bad Overlap
origSeq_61-seq6_88	0.07847731460791495655	0.50707299811215162755	0.28364162033489780307	Bad Overlap
origSeq_63-seq7_67	0.055150951802668979377	0.3391493236982068084	0.0	Bad Overlap
origSeq_63-seq6_90	0.024940643115117752368	0.15855329056526619089	0.09024324614577221346	Bad Overlap
origSeq_63-seq3_69	0.080632184807282779676	0.5553254180476302225	0.3372862752247120288	Bad Overlap
origSeq_63-seq9_80	0.08328873911594635389	0.47448762160524554112	0.2512757059540590458	Bad Overlap
origSeq_64-seq5_57	0.079030509930325489924	0.51364976852591899797	0.29688879955694449442	Bad Overlap
origSeq_64-seq9_52	0.022223942079711335376	0.13165880625464463436	0.07026808107571125701	Bad Overlap
origSeq_66-seq4_67	0.0087160699331003110776	0.065813271917578859714	0.04070370953440635116	Bad Overlap
origSeq_66-seq4_40	0.014329560879419102531	0.09061319912332183479	0.05240552599253133344	Bad Overlap
origSeq_68-seq5_55	0.0071886272274970648503	0.054812507610188848157	0.033950827937163289173	Bad Overlap
origSeq_69-seq3_24	0.08604557281528400795	0.55647460787500699803	0.33679952204500997822	Bad Overlap
origSeq_71-seq8_34	0.03599368696830513273	0.20811846435340654624	0.110903779783945958246	Bad Overlap
origSeq_71-seq2_62	0.012494637549885592938	0.07567758988170916564	0.04417446770817445241	Bad Overlap
origSeq_71-seq6_89	0.018133307844315328017	0.09163064246240473956	0.048252916138139155116	Bad Overlap
origSeq_72-seq5_8	0.013907909923893852781	0.08373894970053966335	0.0484184617997562272	Bad Overlap
origSeq_73-seq9_27	0.082781072080121380435	0.4653182038133519723	0.25009144078724158448	Bad Overlap
origSeq_74-seq2_98	0.026975290349247837833	0.19262579616908700329	0.12005993695707519693	Bad Overlap
origSeq_74-seq2_97	0.01078276512482664477	0.07455322797571235129	0.04614678269515233176	Bad Overlap
origSeq_74-seq7_11	0.07508788857660196423	0.48689781058160933028	0.2724623709723171733	Bad Overlap
origSeq_75-seq1_55	0.0837683654203970617	0.5660438000029893839	0.3497222235264797986	Bad Overlap
origSeq_75-seq8_74	0.077600383815340854285	0.47047217159643527063	0.24968699861273743949	Bad Overlap
origSeq_75-seq3_74	0.0798247039672199888	0.51520931491749533837	0.31224006470867654415	Bad Overlap
origSeq_75-seq5_26	0.0110663300773987607316	0.0744480309408109589	0.041467244595752562558	Bad Overlap
origSeq_76-seq6_49	0.06706070126028591254	0.42590174077767999704	0.24377074478712491997	Bad Overlap
origSeq_78-seq5_79	0.05061746548836764762	0.32977462197360098075	0.19083623546393417363	Bad Overlap
origSeq_78-seq7_76	0.034360531820865133486	0.20128231858960895994	0.11086886581217209376	Bad Overlap
origSeq_79-seq2_23	0.032387823257647818366	0.20672226556492429814	0.13044224739889093094	Bad Overlap
origSeq_80-seq2_86	0.043738138096893681253	0.29732331995790662306	0.18055421550229661755	Bad Overlap
origSeq_80-seq3_34	0.06527789665837908112	0.5012627338606158861	0.29350305718756332493	Bad Overlap
origSeq_82-seq6_81	0.032432137881575020983	0.20805061281807356622	0.11517514208601332303	Bad Overlap
origSeq_82-seq7_15	0.07604622712137232983	0.4486588566176772836	0.24999016033285091904	Bad Overlap
origSeq_82-seq8_16	0.025158081755849890012	0.14579489486833389066	0.080159382605141855785	Bad Overlap
origSeq_82-seq10_71	0.016268073581223217242	0.09997654912520196499	0.050037150691935234172	Bad Overlap
origSeq_83-seq4_54	0.074298999144170060523	0.4984006449384890531	0.0	Bad Overlap
origSeq_83-seq9_69	0.022968681683688216794	0.1342999836225392722	0.07092960642151376392	Bad Overlap
origSeq_83-seq7_51	0.081813448949610027806	0.47570304137098312557	0.255815294950447913	Bad Overlap
origSeq_83-seq6_78	0.08276366100644065137	0.49375890982155918379	0.2700560857100119943	Bad Overlap
origSeq_84-seq1_91	0.088612046369839312594	0.57481070920185281265	0.36226830064924963332	Bad Overlap
origSeq_84-seq9_36	0.077882167126148777584	0.43387654647442176813	0.22838874054438965237	Bad Overlap
origSeq_84-seq4_55	0.08196272185648180061	0.53616609002555859595	0.3195067267872126041	Bad Overlap
origSeq_84-seq6_65	0.08682579505935907643	0.5146392391389079449	0.2932264423734674294	Bad Overlap
origSeq_84-seq10_3	0.008222266361608102878	0.05033943101663236705	0.026461839293892129649	Bad Overlap
origSeq_85-seq7_82	0.04695794395166722452	0.29460395816095500502	0.0	Bad Overlap
origSeq_85-seq10_87	0.021951962001718511225	0.12511387378669283956	0.064483020179974781176	Bad Overlap
origSeq_87-seq8_87	0.07994584897756329597	0.4787316032021708822	0.25614712656021352045	Bad Overlap
origSeq_87-seq9_87	0.005597277835852659685	0.03481613089195280641	0.018523469229702824721	Bad Overlap
origSeq_88-seq8_68	0.04759004287991805839	0.28605948611493147837	0.1570834893483772245	Bad Overlap
origSeq_89-seq3_56	0.0823377443809352798	0.5478530467354115855	0.32893272500210623405	Bad Overlap
origSeq_90-seq7_37	0.06215842609937050893	0.3787653126006128379	0.20461257065372134049	Bad Overlap
origSeq_91-seq6_44	0.07106732395677261135	0.5107219833744028196	0.29915364570014788326	Bad Overlap
origSeq_92-seq4_86	0.022461728852927490863	0.15303901172689324858	0.0899260171816464088	Bad Overlap
origSeq_93-seq4_89	0.056791659878851093362	0.37294454187745568378	0.0	Bad Overlap
origSeq_93-seq6_33	0.026518114582742870654	0.14697122743741603631	0.08202872425287309002	Bad Overlap
origSeq_93-seq7_93	0.07238526069349786721	0.5312437724531804459	0.31236306251798559564	Bad Overlap
origSeq_94-seq3_71	0.014265157426447831743	0.11115890599363881261	0.06840022369605660963	Bad Overlap
origSeq_94-seq10_67	0.01153347237835319356	0.07015406739948304248	0.03626515436369556935	Bad Overlap
origSeq_94-seq10_25	0.04993410803446623099	0.2659789362239730591	0.1357014168737027028	Bad Overlap
origSeq_95-seq4_27	0.08028824830792902753	0.5464625081613671402	0.32461530713084661034	Bad Overlap
origSeq_95-seq2_24	0.023167283500477157835	0.16311083365887771802	0.100701609547114738536	Bad Overlap
origSeq_95-seq7_41	0.078649072780572355104	0.47716029567654039947	0.25826509001453921562	Bad Overlap
origSeq_95-seq6_73	0.07996700056503657828	0.48758334946957015803	0.26934844971811223858	Bad Overlap
origSeq_96-seq8_37	0.07948515833541154029	0.46929165831989738824	0.25324416698707113833	Bad Overlap
origSeq_97-seq3_53	0.03975551367255171573	0.27203212680729058504	0.16523098994260208589	Bad Overlap
origSeq_97-seq2_15	0.005098371146100722236	0.03570220907194498458	0.023255408336972655369	Bad Overlap
origSeq_98-seq5_33	0.0068911744194286428394	0.05055310673748802004	0.030268960042212593482	Bad Overlap
origSeq_99-seq9_99	0.041421942393817451495	0.0	0.0	Bad Overlap
origSeq_99-seq3_15	0.08065053896937168279	0.5545836978014987045	0.33892403977784129774	Bad Overlap
seq9_17-seq9_54	0.026369417289377855935	0.20853384000032246575	0.13799155054201093346	Good Overlap
seq9_31-seq9_78	0.08889722131667242575	0.59186014396945532256	0.38163607873279335107	Good Overlap
seq9_40-seq9_72	0.082160702063806342425	0.61054338983032397406	0.40220447971150955215	Good Overlap
seq9_57-seq9_98	0.021602412756658175643	0.15537846212513716277	0.10016375090902151783	Good Overlap
seq9_61-seq9_81	0.028172465523005991664	0.19499317623768014644	0.12908282247485429536	Good Overlap
seq9_63-seq9_95	0.0104705956862149768775	0.085876650726911425955	0.056907867395680255105	Good Overlap
seq7_23-seq9_90	0.032307332373537903676	0.16540770329755515917	0.07664042168271693347	Bad Overlap
seq7_24-seq7_7	0.081605125070506519415	0.5854557272199190351	0.37380241761325767343	Good Overlap
seq7_38-seq8_82	0.043638656699836438515	0.23845009362007844964	0.116721360383868486376	Bad Overlap
seq7_47-seq9_37	0.030565682897065569809	0.15458419410030635962	0.07120253297954590573	Bad Overlap
seq7_48-seq7_91	0.037908616633537990922	0.273642508431848558	0.17957122109408952711	Good Overlap
seq7_50-seq8_69	0.05067698612240277604	0.28356023583386376181	0.0	Bad Overlap
seq7_56-seq9_40	0.06370048321463416497	0.35194663029712962773	0.17140836638735782244	Bad Overlap
seq7_56-seq8_14	0.07563094920846687497	0.41989825381180852554	0.20357131019422915591	Bad Overlap
seq7_56-seq9_72	0.077760808264487263784	0.39679712338430112302	0.18496478731578675379	Bad Overlap
seq7_57-seq9_92	0.03323944742761886725	0.18323208029797073668	0.08507746701630004913	Bad Overlap
seq7_58-seq9_68	0.073125771406372971136	0.3587156018940877224	0.16338792251236608089	Bad Overlap
seq7_74-seq9_35	0.07278213200965141616	0.37973250628125670416	0.17625870825576674915	Bad Overlap
seq7_78-seq9_49	0.024738430916291514683	0.12345080932748192853	0.05820851985326507357	Bad Overlap
seq7_81-seq8_75	0.07971629328616002056	0.39567761517349289775	0.0	Bad Overlap
seq7_85-seq8_28	0.0754197250377607534	0.3999164532416429949	0.18746394439499414211	Bad Overlap
seq7_86-seq7_94	0.0034022641491244305136	0.0286497532642972995	0.018966109254703622696	Good Overlap
seq7_88-seq8_79	0.02344427043446424273	0.11916900587934261464	0.0	Bad Overlap
seq7_89-seq9_67	0.0208198223432138723	0.10542467832848456733	0.0	Bad Overlap
seq7_90-seq9_78	0.07665520584254841497	0.0	0.0	Bad Overlap
seq7_90-seq9_31	0.019619157962700157856	0.098105567485458057604	0.046630679394416188863	Bad Overlap
seq7_91-seq9_98	0.07891849062251054788	0.0	0.0	Bad Overlap
seq7_91-seq8_51	0.019239787174412341781	0.10665240225609139829	0.051634065596665704057	Bad Overlap
seq7_91-seq9_57	0.06612781949082989946	0.35980131552429915203	0.16652773725013492625	Bad Overlap
seq7_92-seq8_4	0.012154862612157350435	0.06818242567868046042	0.03422764356567735497	Bad Overlap
seq8_14-seq9_72	0.07479881821583524717	0.39052104429517911814	0.18315612833995589873	Bad Overlap
seq8_15-seq8_67	0.011804279855353823536	0.090501202514208207786	0.057386744892624272796	Good Overlap
seq8_15-seq8_57	0.010711309685325137859	0.08315917504521733239	0.053319031985488257118	Good Overlap
seq8_31-seq8_90	0.04176689666979702486	0.32949551698192234506	0.2165581205729015318	Good Overlap
seq8_31-seq8_88	0.08131101163316413027	0.60282232824322747603	0.3971002365617615497	Good Overlap
seq8_36-seq8_91	0.05817152889166382792	0.41919221540928946294	0.2642466847996135673	Good Overlap
seq8_40-seq9_98	0.011061484258690453195	0.059052965920901914543	0.027630305300404946488	Bad Overlap
seq8_44-seq8_93	0.072998969700637949945	0.54144576239903752235	0.3501697922001523393	Good Overlap
seq8_45-seq8_87	0.036624290841832945965	0.2685459080280161529	0.17848324834153166201	Good Overlap
seq8_51-seq9_98	0.07282347540675499834	0.40074110633059861474	0.1895172903088118032	Bad Overlap
seq8_57-seq8_67	0.073600428901883032455	0.52307501153574293687	0.33760742815952147675	Good Overlap
seq8_73-seq8_78	0.08776002712713865518	0.62913402607531396026	0.42662218204167028044	Good Overlap
seq8_88-seq8_90	0.03587863303272547754	0.2705472208560017864	0.17609729434262353879	Good Overlap
seq3_3-seq7_84	0.022954716778053792974	0.13546224854477454573	0.070313784088233820474	Bad Overlap
seq3_7-seq5_99	0.0042348452714656922323	0.023244722553014530242	0.012613502192120613529	Bad Overlap
seq3_8-seq5_95	0.021395986139090641907	0.13940695914238739973	0.076553054533593886365	Bad Overlap
seq3_9-seq7_63	0.016711959020233303125	0.11241086313989907528	0.05907245696832480103	Bad Overlap
seq3_11-seq5_50	0.026071294498281812825	0.16152115249425317944	0.08916229299392199948	Bad Overlap
seq3_12-seq8_91	0.010794628712981147122	0.055693544215334660004	0.027994146468104287423	Bad Overlap
seq3_13-seq5_80	0.028972637718421122685	0.16936413529090776278	0.093895973594358253274	Bad Overlap
seq3_14-seq5_71	0.03167256880561571085	0.18910263270527411669	0.10284908931273622126	Bad Overlap
seq3_15-seq9_99	0.006877313804690211084	0.03842060790081668909	0.020090809292411384071	Bad Overlap
seq3_19-seq4_24	0.07564655797621984267	0.48793311501363334674	0.26781298121907243514	Bad Overlap
seq3_23-seq4_41	0.054830967783354434895	0.35173256734065027314	0.19542138055723604707	Bad Overlap
seq3_23-seq5_97	0.023506971287012817514	0.1380194844062070715	0.07411902146843790785	Bad Overlap
seq3_27-seq4_63	0.081596157014559720966	0.504468255370338279	0.2829897430888075439	Bad Overlap
seq3_28-seq5_44	0.079698882765903065246	0.5020364875685692365	0.2783622441856959503	Bad Overlap
seq3_32-seq6_64	0.073317896639782495674	0.44674464023218235642	0.23466204839254968662	Bad Overlap
seq3_32-seq8_57	0.015415015941688886239	0.09411600241781863715	0.04930662829551828744	Bad Overlap
seq3_32-seq8_15	0.07156365544684736199	0.44956189986023638728	0.24333767295150851817	Bad Overlap
seq3_37-seq8_62	0.02233816022178864402	0.13978051822194368032	0.07331232042341649905	Bad Overlap
seq3_40-seq7_91	0.04199090592586059673	0.2572136513566848772	0.13419459026574386442	Bad Overlap
seq3_40-seq9_98	0.068677101838654464824	0.38324656269956073075	0.19018869507766498236	Bad Overlap
seq3_40-seq8_51	0.01746477057067214543	0.10617302752578369623	0.05565792188430294191	Bad Overlap
seq3_41-seq3_94	0.06199294369152857629	0.46318864152780516352	0.30253846973669880317	Good Overlap
seq3_41-seq3_69	0.028061824695326012713	0.2259659097406231007	0.15020622761098427575	Good Overlap
seq3_41-seq8_35	0.07385005525953567902	0.4690648341747212309	0.24411740879259478243	Bad Overlap
seq3_43-seq9_55	0.08090601375814026914	0.45178574832442727573	0.23189404163985440988	Bad Overlap
seq3_47-seq7_68	0.039896116027821525847	0.23096415154912792726	0.12217352657099567209	Bad Overlap
seq3_48-seq5_17	0.0037509126472625070752	0.02745381416843799628	0.015677995380217351266	Bad Overlap
seq3_50-seq7_80	0.07559945318907126721	0.4762189276509375896	0.25379350970715193052	Bad Overlap
seq3_50-seq8_53	0.00770063094368664993	0.04513424884378665515	0.024592454299794200274	Bad Overlap
seq3_52-seq9_44	0.07983638702139953455	0.45092582833150086813	0.23016011672782011459	Bad Overlap
seq3_54-seq3_89	0.079336732644014493615	0.592708867363824175	0.37828636195475673836	Good Overlap
seq3_54-seq8_92	0.05809960286828614199	0.32669663372413884321	0.0	Bad Overlap
seq3_54-seq5_1	0.013341799263587393227	0.08289388773463936235	0.043956722119997953034	Bad Overlap
seq3_55-seq6_89	0.07890617767426123173	0.48007656160091565712	0.26250649618685867413	Bad Overlap
seq3_58-seq5_43	0.008724822281846771379	0.05738834017466847192	0.032207196428270548946	Bad Overlap
seq3_63-seq7_70	0.055664632763796576234	0.31018851244026508245	0.16296601502843065045	Bad Overlap
seq3_64-seq9_29	0.032990462146405405577	0.18344924041124246493	0.09034598556496701954	Bad Overlap
seq3_65-seq9_89	0.075173646014553128295	0.40071967954599142255	0.0	Bad Overlap
seq3_66-seq9_74	0.0140177849004201052354	0.07602355618674699783	0.039353730027314875078	Bad Overlap
seq3_66-seq6_76	0.00870281505359313961	0.05284744321390967582	0.029813128673046479278	Bad Overlap
seq3_68-seq7_46	0.051656099731555828097	0.29071134305340246885	0.15296147431139249475	Bad Overlap
seq3_68-seq6_24	0.013715532142040738999	0.09437225456239422503	0.04992805328264175232	Bad Overlap
seq3_69-seq3_94	0.07962142739030759437	0.59793418614805201146	0.3857860087299588786	Good Overlap
seq3_69-seq9_80	0.040514773604766520135	0.22713037272380590473	0.11416906945789340029	Bad Overlap
seq3_69-seq7_67	0.004873679589925875417	0.028069797029707170263	0.015123837054261406164	Bad Overlap
seq3_70-seq3_93	0.038529445372914778303	0.28749230828668768587	0.18871662221459610186	Good Overlap
seq3_71-seq7_78	0.007933187212388785603	0.047816607339801516276	0.025415662667760245693	Bad Overlap
seq3_73-seq5_83	0.081706490355801583053	0.5048164765998495625	0.28385855242709805642	Bad Overlap
seq3_74-seq8_74	0.042116545472430953028	0.2509155452421829632	0.1306965734606639549	Bad Overlap
seq3_77-seq5_88	0.048790727127404263212	0.30963773527171578536	0.0	Bad Overlap
seq3_77-seq5_92	0.026781007162687702181	0.16342742733866726241	0.0	Bad Overlap
seq3_77-seq9_42	0.015566399520089512354	0.08122144431114040163	0.04164409103720438019	Bad Overlap
seq3_79-seq6_82	0.07622159979763824398	0.472850296591357705	0.24850059820069870278	Bad Overlap
seq3_80-seq5_21	0.07681991647394078044	0.5009651325079792728	0.2803591331371069239	Bad Overlap
seq3_80-seq8_17	0.06309052142352928254	0.42945669087808258972	0.22360261987353931721	Bad Overlap
seq3_82-seq5_81	0.05361229484509456519	0.34507477275844552895	0.18939002216346648048	Bad Overlap
seq3_83-seq8_47	0.013388097287079081958	0.079907745342843945956	0.041754607366709402573	Bad Overlap
seq3_84-seq4_56	0.028476449476179743572	0.17041014838719023572	0.0954838946796239829	Bad Overlap
seq3_85-seq6_77	0.056521824875251112127	0.34868433403109184532	0.0	Bad Overlap
seq3_88-seq8_22	0.039539102126255588136	0.22948070599382499617	0.11606144121481643971	Bad Overlap
seq3_89-seq8_92	0.05614342252418713876	0.31525858650753846229	0.0	Bad Overlap
seq3_89-seq5_1	0.010799861856315126008	0.06759593029270757969	0.03681474200660269526	Bad Overlap
seq3_90-seq6_91	0.07723245867153802086	0.47645106341946230827	0.0	Bad Overlap
seq3_91-seq5_13	0.042225379554884741564	0.25131777779720493405	0.13510584343820304742	Bad Overlap
seq3_91-seq4_93	0.00994279562250952537	0.062918260925528083254	0.034773731093242184612	Bad Overlap
seq3_92-seq9_85	0.07953673238071653431	0.44275092844002190347	0.0	Bad Overlap
seq3_92-seq6_45	0.07764330162745002644	0.49010793545316543545	0.26448226160289977529	Bad Overlap
seq3_94-seq8_35	0.024387852137778668095	0.14737333648530963749	0.07513627008483700603	Bad Overlap
seq3_94-seq4_2	0.0094994649315337166375	0.06392639867804886966	0.0364538463196444442	Bad Overlap
