KEY 	 ALPHA1 	 ALPHA2 	 GAPS 	 MATCHES 	 ALL 	 OVERLAP_TYPE 
seq5_1-seq8_92	0.24748690358204728	0.24620621188483904	0.020581374427973823564	0.10860981387173895877	0.053693743635890915167	Bad Overlap
seq5_16-seq8_86	0.33706211362967325	0.3395248802424479	0.03135835311715655123	0.15208997190991287485	0.0770280114800187818	Bad Overlap
seq5_20-seq8_54	0.5329280648429585	0.5303449279580847	0.044903427803264670098	0.22821626355022548058	0.11246845149217585325	Bad Overlap
seq5_21-seq8_17	0.7065033783783784	0.7056332062685303	0.05805955199165678182	0.33053848086568073233	0.17484673217465744052	Bad Overlap
seq5_23-seq5_96	0.4633095908563856	0.46561108362196935	0.04742060969848071203	0.283184221910075556	0.18393981765058495916	Good Overlap
seq5_24-seq9_32	0.3251727245419045	0.32232277526395176	0.026347836377125782716	0.14246295882384120993	0.071195375434976148985	Bad Overlap
seq5_31-seq6_83	0.3225736333007282	0.32198411835091917	0.029363432881246206111	0.15278252504269219863	0.08084121989731418078	Bad Overlap
seq5_32-seq7_89	0.14688270517787955	0.14740143369175626	0.012661859477347449348	0.06469811616828385453	0.032466709500341005788	Bad Overlap
seq5_58-seq8_90	0.11684671532846716	0.11710449503794512	0.010557949768861739529	0.052845594025050552446	0.027014907829017402562	Bad Overlap
seq5_58-seq8_88	0.2373002137839764	0.23660077440391278	0.02123364427168809079	0.09976048531635248283	0.04858931464862968074	Bad Overlap
seq5_60-seq9_45	0.14582802818096935	0.14466638334041648	0.012457571761602829822	0.061417701120851599392	0.029647370392429893437	Bad Overlap
seq5_62-seq6_21	0.9861044561571634	0.986391365556077	0.087190006116207453035	0.4619266936638024074	0.24012909963979235598	Bad Overlap
seq5_62-seq9_56	0.18859592986048893	0.18713937684318502	0.016016668166260060996	0.078907261320708961575	0.03862194871389475374	Bad Overlap
seq5_63-seq5_66	0.9881546134663342	0.9882060831781502	0.09433889097050848241	0.58244538775206541317	0.37192746904800331458	Good Overlap
seq5_67-seq7_63	0.998269040553907	0.9982513115163627	0.09480048873378359398	0.4394751498563256738	0.22035645855947796887	Bad Overlap
seq5_69-seq7_89	0.830739917434106	0.8326845806127574	0.07431168455585203475	0.3732329763728129678	0.0	Bad Overlap
seq5_69-seq5_75	0.9978265164987157	0.9978553324234744	0.09143200140776712076	0.6056002039855945444	0.39531603509544636474	Good Overlap
seq5_69-seq9_67	0.33234802007808145	0.3410942316160282	0.031561453104599370497	0.14782836452543492672	0.07268607580362381604	Bad Overlap
seq5_75-seq7_89	0.5761270964763809	0.5731882093194407	0.05048253968649985603	0.0	0.0	Bad Overlap
seq5_77-seq7_91	0.5819648619576909	0.5811388539608406	0.05253786569885670302	0.0	0.0	Bad Overlap
seq5_77-seq9_98	0.7013003198870009	0.7009400216288162	0.06415585862535045869	0.0	0.0	Bad Overlap
seq5_77-seq6_84	0.8632567849686847	0.8575932166539841	0.080473014078171356676	0.3908945200636763733	0.0	Bad Overlap
seq5_77-seq9_57	0.824905975762641	0.8233806379092314	0.07372633421307249627	0.3481015114551122723	0.16799239820833763222	Bad Overlap
seq5_79-seq7_76	0.6156505786057014	0.6133863297608063	0.05572603813939227089	0.27278806621684743847	0.0	Bad Overlap
seq5_83-seq7_16	0.5583218072844629	0.5579141670512229	0.0510437039242153617	0.2631972776045567516	0.13750665230560818116	Bad Overlap
seq5_86-seq7_13	0.21865298960723445	0.2179140772764118	0.019315267993675858413	0.100311442832931395336	0.051964335662039674055	Bad Overlap
seq5_87-seq8_86	0.45663137632338785	0.457258219573159	0.039311409899641553963	0.19889674883993615024	0.0	Bad Overlap
seq5_88-seq5_92	0.5035238504512247	0.5029043500709952	0.046516638149664101426	0.30921840008425622527	0.20328608773509178047	Good Overlap
seq5_88-seq9_42	0.4279633964673335	0.42727272727272725	0.038127044343779719237	0.18433527484492328222	0.090348492489893801794	Bad Overlap
seq5_89-seq6_73	0.6751661700664681	0.6727094278621327	0.06178871419186609399	0.30715508923699269263	0.0	Bad Overlap
seq5_90-seq6_52	0.2250624479600333	0.2251269669469653	0.020483519234324352527	0.101304673435424408135	0.051910256991751007742	Bad Overlap
seq5_90-seq6_46	0.16639021356002487	0.1657848324514991	0.014951227823290033944	0.077111751628503219315	0.04040999703271888379	Bad Overlap
seq5_90-seq9_75	0.1936422782787353	0.19502051048313582	0.016538998324446453227	0.08404262562796024924	0.041401366884252487772	Bad Overlap
seq5_91-seq6_87	0.4147958700388368	0.41273764258555135	0.038055483648691467498	0.19128421699189870833	0.0991101356988314892	Bad Overlap
seq5_92-seq9_42	0.552835961402683	0.5533965368643736	0.0507989558638291297	0.23166161698510595464	0.0	Bad Overlap
seq5_93-seq8_82	0.2832398145889241	0.28139904610492844	0.025447299499524291858	0.123778982059117752064	0.061616005419684413308	Bad Overlap
seq5_94-seq8_76	0.9732711073398388	0.9727979274611399	0.0767942603394675592	0.43072333923017521508	0.21537320062277649247	Bad Overlap
seq5_95-seq7_59	0.7354627354627354	0.7358233369683751	0.064120780680031567234	0.32482380319892804305	0.16116586620055592537	Bad Overlap
seq5_98-seq9_41	0.07828212010736749	0.07890944030747057	0.0067096023922238178146	0.033925086749285694988	0.016438472982071266177	Bad Overlap
seq5_100-seq7_94	0.9981869626129715	0.9982056440650318	0.0880539100501685181	0.0	0.0	Bad Overlap
seq5_100-seq6_55	0.8193580085162135	0.8193580085162135	0.0721301877816758307	0.38031961055024220863	0.19698030564810529053	Bad Overlap
seq4_4-seq9_49	0.2777373590396508	0.2762894113358848	0.026142818143493627085	0.123630015430266639656	0.06297388574465974502	Bad Overlap
seq4_10-seq6_1	0.550557880055788	0.5525859076709476	0.05088687378814498578	0.2614573616611718889	0.13942910694975982135	Bad Overlap
seq4_13-seq6_66	0.23991218900271796	0.24086448110252662	0.021450153998583037844	0.11605234619501620385	0.06200267046856853857	Bad Overlap
seq4_14-seq5_89	0.46463780540077154	0.46314205888673976	0.039021919874429777563	0.22527255285991207656	0.1209485861515418227	Bad Overlap
seq4_14-seq6_73	0.2130556668001602	0.2127403846153846	0.019239169327361374559	0.10232187779652244363	0.054444969822880865855	Bad Overlap
seq4_27-seq7_41	0.9947368421052631	0.9947440585009141	0.095284471940075158526	0.4625857429861771324	0.24116618043186784545	Bad Overlap
seq4_27-seq6_73	0.9880546075085325	0.9878507376337865	0.09293081638466915246	0.45695820141731466265	0.23880490968091419353	Bad Overlap
seq4_30-seq9_95	0.9477739726027398	0.9487825356842989	0.080714614770527295456	0.43178306132469022703	0.22010845849627156183	Bad Overlap
seq4_32-seq5_5	0.5465230166503428	0.5445901639344263	0.05190428009637460458	0.26515361989112360525	0.14253288777024410065	Bad Overlap
seq4_33-seq8_84	0.9748589020010262	0.9754631947921882	0.083562137362269384773	0.43556381373949067936	0.21676442884354297656	Bad Overlap
seq4_35-seq4_97	0.06921425504508373	0.06897440302353547	0.0068659787063551260964	0.04323168289828000552	0.029074334666146456583	Good Overlap
seq4_38-seq7_71	0.31377749029754204	0.3135110650964152	0.027587731340193557141	0.1473134528515256222	0.07777031428991367	Bad Overlap
seq4_40-seq4_67	0.5567796610169492	0.5528385772913816	0.053759719263744054507	0.34417544153667919477	0.22653664137289446311	Good Overlap
seq4_41-seq5_97	0.28868021421759227	0.2864817131503422	0.02641421501966801036	0.14053474472544808786	0.07565407569837140223	Bad Overlap
seq4_42-seq9_81	0.6060748395177705	0.6089524401616413	0.054677934571450618884	0.26952782612778535893	0.0	Bad Overlap
seq4_47-seq8_77	0.5207721359630717	0.5221257453708547	0.044435734968118498576	0.23309519165877857653	0.11792431717148523821	Bad Overlap
seq4_48-seq8_91	0.1369433669511249	0.13171614997970715	0.012402072862031643891	0.061315954100047049943	0.031154835077657729984	Bad Overlap
seq4_49-seq6_75	0.8609144824947389	0.8611535523300229	0.077668674214157345515	0.41386231189468367477	0.2224846261379525242	Bad Overlap
seq4_51-seq8_94	0.2727172352876228	0.27575590984057174	0.025419467208623341468	0.12349895654563486412	0.062253842231887428926	Bad Overlap
seq4_52-seq6_6	0.32174490699734276	0.3215946843853821	0.02642148603245487575	0.16091660670434509861	0.088812394418473594966	Bad Overlap
seq4_53-seq6_3	0.34755390679341525	0.3435969209237229	0.028276790822087076893	0.15617354485969264528	0.078857502240732633454	Bad Overlap
seq4_54-seq9_69	0.18004680504680504	0.17829101662078106	0.015026646166354216169	0.07960326274837409469	0.039715373602109876	Bad Overlap
seq4_54-seq7_51	0.9766022380467956	0.9763496143958869	0.08900756082373562053	0.46132606181885691163	0.24228375225663059498	Bad Overlap
seq4_55-seq6_65	0.9978937514626726	0.9979045401629802	0.088250279941396378355	0.46771174806186012487	0.24643974491823939596	Bad Overlap
seq4_55-seq9_36	0.48522008519426874	0.48462134918583616	0.0403591446757073989	0.2082070234233063995	0.1017820578061458643	Bad Overlap
seq4_58-seq5_82	0.9967793880837359	0.9967712177121771	0.094735460405927678685	0.47939377742661678312	0.2599726299535773961	Bad Overlap
seq4_62-seq9_79	0.3566607460035524	0.3561461203448582	0.031271251579781451005	0.1546651599509196407	0.077020389715692111	Bad Overlap
seq4_64-seq6_41	0.7869222096956031	0.7878258700261943	0.07185834867387542477	0.37729882556178474782	0.20096450081894844647	Bad Overlap
seq4_64-seq6_32	0.9952590585844904	0.9952686718485975	0.08965473394792016531	0.4589106140478662784	0.23861216218926988261	Bad Overlap
seq4_64-seq6_62	0.3513595625094941	0.35076782727687394	0.03300317085922421521	0.16256474310401851145	0.08472628768846623918	Bad Overlap
seq4_66-seq6_25	0.17754683840749413	0.1771855322887685	0.015918819620944293983	0.08846131450603005133	0.048533882402493855423	Bad Overlap
seq4_67-seq9_97	0.09725121781489214	0.09693699965193178	0.0078580903401016375575	0.043086335762213128917	0.021711709216829057041	Bad Overlap
seq4_70-seq6_71	0.7857948139797069	0.7857042154236571	0.069867935034432405	0.36311469531404804367	0.18967591455792679015	Bad Overlap
seq4_78-seq7_35	0.9984330112300862	0.9984548029873809	0.09392555675065764759	0.4607143619810388208	0.24173073833856486107	Bad Overlap
seq4_80-seq8_61	0.18026481715006304	0.18186394814674972	0.016193856138635707531	0.08436066327120358181	0.044024995117813079437	Bad Overlap
seq4_84-seq6_32	0.11979083293314124	0.11786096256684492	0.011107546276920059385	0.054245665994105828735	0.027913834399351802766	Bad Overlap
seq4_85-seq7_90	0.9893327280980481	0.9888796876848456	0.08678797337052855744	0.4554800367426417932	0.0	Bad Overlap
seq4_85-seq9_31	0.9897840046701692	0.98967246975509	0.095084761265272540455	0.4436003575424877924	0.22178421950290586155	Bad Overlap
seq4_85-seq9_78	0.9201312910284464	0.9195148842337376	0.08475256043086572483	0.47156560465114858132	0.2618860684075431577	Bad Overlap
seq4_86-seq5_20	0.39754601226993863	0.3963696846977148	0.03606970322868251435	0.18850200092711703527	0.10025605539402714033	Bad Overlap
seq4_86-seq8_54	0.33680350946114057	0.3337499177793857	0.029405317141489444348	0.15235083126305069037	0.07748400378933593663	Bad Overlap
seq4_87-seq5_87	0.454623721260002	0.455643734519537	0.0409427447051037232	0.21969784685363628722	0.0	Bad Overlap
seq4_87-seq8_86	0.2222222222222222	0.2231208818661587	0.020075704347582139068	0.098369938721910394895	0.048696346648978067788	Bad Overlap
seq4_88-seq9_35	0.16471874786412413	0.16597283832662255	0.015162545276201545573	0.072578288088446477435	0.036067200172177596752	Bad Overlap
seq4_89-seq6_33	0.2459780621572212	0.2420288523385096	0.023873035155988329023	0.11715232645830341746	0.062070009973343954464	Bad Overlap
seq4_89-seq7_93	0.9926713081714914	0.9927483683828862	0.083134316163680817265	0.45991203257164424347	0.24097222758050866395	Bad Overlap
seq4_92-seq5_25	0.45676905574516496	0.45668075422626786	0.039700591792360417496	0.21868149886789789881	0.11669931384866817964	Bad Overlap
seq4_92-seq7_25	0.1915942227394072	0.19098506644745855	0.015833803356489809672	0.08764325539025912138	0.045029769775209969755	Bad Overlap
seq4_93-seq5_13	0.9731252709146078	0.9732528041415013	0.08743687317961680441	0.46528119494663802052	0.24926764713432676156	Bad Overlap
seq4_95-seq6_37	0.47353051996985684	0.47198866320264526	0.045519418522563016924	0.22625275976541839376	0.11987262391764360877	Bad Overlap
seq4_97-seq5_99	0.9990867579908675	0.9990934844192635	0.09663481983955742901	0.47663432581415221583	0.0	Bad Overlap
seq1_1-seq1_90	0.12529801324503312	0.12529801324503312	0.009165834333590416079	0.07663183977344638251	0.049604557931984980512	Good Overlap
seq1_2-seq4_84	0.527215399933621	0.5300230946882217	0.051697997813201622685	0.28922903223347952998	0.17196144558854767235	Bad Overlap
seq1_3-seq9_70	0.386685552407932	0.38716779367825127	0.0351585177707171139	0.17943909126436268325	0.09432836882783645437	Bad Overlap
seq1_4-seq1_95	0.2860315345325339	0.28555555555555556	0.025599546415951255479	0.17030743141831160127	0.10832803715698808529	Good Overlap
seq1_4-seq5_62	0.29904362024725917	0.29969704031694244	0.029721579611174527225	0.16121957105331927206	0.09370984174463627354	Bad Overlap
seq1_5-seq5_29	0.8413932066781807	0.8427511415525114	0.07444304307511908946	0.42780818614089142194	0.24117166481689111407	Bad Overlap
seq1_6-seq9_96	0.30159622302158273	0.3040994623655914	0.02716304170906662205	0.1472270494679970807	0.07960970705162668858	Bad Overlap
seq1_6-seq6_72	0.18619407067060498	0.1853028145876684	0.017192608051295636056	0.09542079683047550883	0.05422742605602484092	Bad Overlap
seq1_7-seq7_71	0.3877453326950694	0.3864236027824418	0.036569193218006906514	0.19223483421152183735	0.104986717984963064	Bad Overlap
seq1_7-seq2_73	0.07430372026834722	0.07430372026834722	0.0072899023935373319764	0.041007665423833257107	0.024603644443182339764	Bad Overlap
seq1_9-seq5_99	0.08660656793303284	0.08828770925238832	0.008688189373250565243	0.047929059991738328676	0.028498115673962624969	Bad Overlap
seq1_11-seq4_95	0.5064492577269408	0.5083636363636364	0.04525072928696623578	0.27101481984879774453	0.15922007092802593072	Bad Overlap
seq1_13-seq3_22	0.9516298633017876	0.950938566552901	0.086093513743924550276	0.51275304731456337155	0.3036002930621408667	Bad Overlap
seq1_14-seq3_35	0.9640344018764659	0.9639498432601881	0.08476919661674513857	0.5338676307787494422	0.32153855849693633911	Bad Overlap
seq1_17-seq8_58	0.8347931138628814	0.8340160825367926	0.07176900818781623977	0.40575790466123271423	0.21941775414009270557	Bad Overlap
seq1_17-seq6_87	0.997867803837953	0.9978520286396182	0.08943010263500636645	0.49487078304909566713	0.27325686588873932087	Bad Overlap
seq1_17-seq5_7	0.6187633262260128	0.6149870801033591	0.057665075763560108762	0.30997187711722896377	0.17407789275177595172	Bad Overlap
seq1_17-seq5_91	0.9968823070927514	0.9969254419677172	0.09874725473195569392	0.5141293937736893025	0.29355726545705988363	Bad Overlap
seq1_19-seq1_70	0.9978689397975493	0.9978615343491045	0.09578427223821318943	0.5974271118911869912	0.38604805320228418076	Good Overlap
seq1_23-seq1_91	0.48596353875405435	0.4860210243793335	0.043544562567301916315	0.29567678824317165625	0.19215559769655314557	Good Overlap
seq1_23-seq6_65	0.5024526979677646	0.49823321554770317	0.043865462045608665542	0.2557650098987622094	0.14458787197429292252	Bad Overlap
seq1_24-seq7_78	0.3937290033594625	0.395218945487042	0.034406914445465711797	0.1976102230216790433	0.109056735695927231157	Bad Overlap
seq1_24-seq9_49	0.17878168929472546	0.1800623800383877	0.0148375314497606235965	0.08517670771691724715	0.044500441342252713806	Bad Overlap
seq1_24-seq4_4	0.14874141876430205	0.15145985401459855	0.013639630163906926484	0.08696617288392252352	0.053906021018574390917	Bad Overlap
seq1_27-seq3_73	0.24428851174934726	0.24699186991869918	0.022912534803683894905	0.14216488241744513479	0.08794113065828312067	Bad Overlap
seq1_28-seq6_58	0.8569923623913616	0.8553157474020784	0.07360787907570109731	0.40937964060201839926	0.21876367504952193802	Bad Overlap
seq1_29-seq7_90	0.5345567907770131	0.5353220975982148	0.047342500236453621294	0.26388522775281881514	0.0	Bad Overlap
seq1_29-seq9_78	0.9709684255138801	0.9712033631108775	0.08292835990064578828	0.45030612177168466344	0.0	Bad Overlap
seq1_29-seq4_85	0.03276686139139671	0.03333156414203068	0.0034771040003949271975	0.018934713082058481474	0.011481532897456249088	Bad Overlap
seq1_31-seq5_71	0.9923882017126546	0.9924457034938622	0.09210371391416472657	0.4988539407881153696	0.2809756784909526832	Bad Overlap
seq1_31-seq4_63	0.04411324594481355	0.04285286185196284	0.0037526042702990059882	0.0240356109768458059	0.014354503977994524865	Bad Overlap
seq1_32-seq3_93	0.15007579585649317	0.14770711933113756	0.012981974847589566346	0.08865620856975427604	0.056060218569099673127	Bad Overlap
seq1_33-seq7_47	0.9362917398945518	0.9359823399558499	0.07823930248542481097	0.4618306518582246292	0.25200040303671981975	Bad Overlap
seq1_33-seq9_37	0.5733440600697238	0.5718514531754575	0.049392741352323758245	0.2774362250354536165	0.14843123029975308785	Bad Overlap
seq1_34-seq8_19	0.3655862726406101	0.36608985553262424	0.034792779456479896397	0.18198859027304916813	0.100443502543405433354	Bad Overlap
seq1_36-seq3_73	0.9988960035327887	0.9989030276437034	0.091270539897372200646	0.5431078976013794838	0.32305731954418163689	Bad Overlap
seq1_39-seq3_51	0.9954769736842105	0.995489954899549	0.085113454596024532174	0.5594543054264145766	0.33972995690784903413	Bad Overlap
seq1_39-seq6_70	0.10058551079262432	0.09948376935864905	0.008972248278889823401	0.05196210991789484097	0.029432630369459433772	Bad Overlap
seq1_40-seq4_58	0.9930228172732416	0.9930672662544501	0.09153539378348508776	0.526142259678815446	0.30723656431626084163	Bad Overlap
seq1_40-seq5_82	0.9858525688756515	0.9858683525474154	0.09541884087454732859	0.5102788144974584199	0.29211429657118810648	Bad Overlap
seq1_42-seq6_18	0.0966973642426167	0.09597965993961545	0.007329747314348276101	0.052176756718957929447	0.030033434291952427647	Bad Overlap
seq1_43-seq4_78	0.5059190529515277	0.5064717162032598	0.048710582553446515665	0.27385197688336026666	0.16102064022252100626	Bad Overlap
seq1_43-seq7_35	0.9987003341997772	0.9987072945521699	0.093949561630852634457	0.4985013075039335124	0.276149114671154798	Bad Overlap
seq1_44-seq2_85	0.36319820414630927	0.3642056690837179	0.032777393336168338972	0.20999696418632047133	0.13083752543351217387	Bad Overlap
seq1_44-seq1_53	0.7457709824333116	0.7451076320939335	0.06944394450384096826	0.4579001563514403481	0.30096771602615963933	Good Overlap
seq1_44-seq3_46	0.1409921671018277	0.13814180929095354	0.010887557586934865111	0.08081244990239254687	0.049855642815532626478	Bad Overlap
seq1_46-seq7_71	0.7550761421319797	0.7547025927808846	0.06536161518764175308	0.36632729000818151747	0.19756461776133424889	Bad Overlap
seq1_46-seq1_7	0.3050720568968744	0.3037689855615976	0.027082963378252154207	0.18781611780421265366	0.123033344919320469655	Good Overlap
seq1_46-seq2_73	0.09909245185567771	0.09869343766147487	0.008815424059089306675	0.057423558270816462568	0.036021425725651321875	Bad Overlap
seq1_50-seq2_68	0.9695047073270568	0.969653767820774	0.08149785436482210617	0.54928916137087367916	0.33611536588972956393	Bad Overlap
seq1_50-seq7_79	0.9777777777777777	0.9781931464174455	0.07862939526194028854	0.5022969960742112517	0.2838212744784225479	Bad Overlap
seq1_51-seq3_84	0.43080653993585233	0.4303609175604791	0.04063498520935757292	0.23642387568162309841	0.14165175694067312458	Bad Overlap
seq1_51-seq4_56	0.1136172143366388	0.1103304709862087	0.009138179844395426104	0.05943352666149212681	0.034211992883064884693	Bad Overlap
seq1_52-seq4_88	0.9981705085986096	0.9981563421828908	0.090724867789208328945	0.52851420221472895824	0.3066415783191029875	Bad Overlap
seq1_52-seq7_74	0.38447395301327886	0.3826663024177025	0.035446080890052237765	0.18973466906605495575	0.104240045612967245144	Bad Overlap
seq1_52-seq9_35	0.44568056496082037	0.4456269349845201	0.036269322614302812423	0.20726409301308516874	0.10807933985537721135	Bad Overlap
seq1_53-seq2_85	0.33174276905006606	0.33252676345505205	0.02858425161226109847	0.19268351249730046956	0.12035595704497596086	Bad Overlap
seq1_53-seq3_46	0.1908831908831909	0.18779790276453764	0.0155406038568686439576	0.108006765738384692364	0.066139094209249189744	Bad Overlap
seq1_54-seq4_53	0.9966897856242118	0.9966677245318947	0.08800477900208232724	0.5275052100412718978	0.3064041282777686402	Bad Overlap
seq1_54-seq6_3	0.5739910313901345	0.569811320754717	0.052255631738209952254	0.281788521874276511	0.15505635417974251438	Bad Overlap
seq1_55-seq8_74	0.751969443781332	0.7523537123108092	0.06856366705246506536	0.36617699388401236854	0.1993383288165973808	Bad Overlap
seq1_55-seq3_74	0.6817586529466791	0.681341326339453	0.066801420062758461025	0.37310034776664856992	0.2227123527571736498	Bad Overlap
seq1_57-seq7_52	0.9125211984171848	0.9120613723540275	0.08586524659254639394	0.45379311865808931526	0.24966846947279713088	Bad Overlap
seq1_58-seq9_98	0.2836378871378388	0.2834993391999484	0.025873954609748313688	0.13250847300785280016	0.0	Bad Overlap
seq1_58-seq5_77	0.0755553696188763	0.07640543364681296	0.0072131727639968791635	0.041908774026169257218	0.025170512619209617122	Bad Overlap
seq1_58-seq6_84	0.0300612358508072	0.030421072157299202	0.0030249181290996680662	0.016533806752120675513	0.0097536174654724478546	Bad Overlap
seq1_59-seq1_90	0.9454770755885997	0.9467956469165659	0.07571544527485462164	0.58886500288856132626	0.39040758674643109093	Good Overlap
seq1_60-seq2_81	0.9823685961410512	0.9824995872544163	0.09096019528335908149	0.5707302066138077036	0.35786526145864675812	Bad Overlap
seq1_61-seq1_82	0.6351544915080827	0.6354528726231854	0.056532394813399585444	0.39001382605655470694	0.25561003802410594296	Good Overlap
seq1_63-seq8_93	0.8938498577369227	0.8941048034934498	0.08623784487166645569	0.43114634848851752418	0.2326167194352134785	Bad Overlap
seq1_63-seq8_44	0.9971453040251214	0.997160704145372	0.08481769636444441615	0.4853220937126652853	0.26481236178040594266	Bad Overlap
seq1_64-seq5_14	0.3830896192268713	0.38228472020875615	0.035253242758686524865	0.1929104086464846714	0.10715742681468108565	Bad Overlap
seq1_66-seq1_86	0.031104827307614623	0.031496062992125984	0.0025074418837199914706	0.020835750152732350422	0.014354893587297312417	Good Overlap
seq1_67-seq9_91	0.2940499040307102	0.2941853770869315	0.028336261875095468362	0.14156780030340846624	0.07591414377827494083	Bad Overlap
seq1_68-seq9_52	0.6549364613880743	0.6535819430814525	0.054556929632234735555	0.3178597576792012388	0.16884499859569299274	Bad Overlap
seq1_68-seq5_71	0.08872333220453776	0.0890318212593094	0.009569971415369770435	0.043950733279688781653	0.024116620595770522559	Bad Overlap
seq1_69-seq7_21	0.8008196721311476	0.8007652364033889	0.07030635517291267994	0.3948950552470348177	0.2166354305201530414	Bad Overlap
seq1_71-seq7_78	0.2088116520713281	0.2102450292132796	0.018663102447503243992	0.10199339844742095911	0.055508881957256662306	Bad Overlap
seq1_71-seq3_71	0.8723292007385914	0.8728323699421965	0.0820138201758101227	0.45207349548303782833	0.26100876842904180772	Bad Overlap
seq1_72-seq5_98	0.9831594362072121	0.9830913435030325	0.093219190253175844464	0.5272295531624050619	0.30734432842432074274	Bad Overlap
seq1_72-seq9_41	0.4920451925293982	0.492746949113516	0.04336609803786305762	0.23268734884095635688	0.121655093013958875975	Bad Overlap
seq1_73-seq7_81	0.5872823759426496	0.5887755102040816	0.050782863573069609402	0.2897873566932433621	0.15828214642707706332	Bad Overlap
seq1_73-seq8_75	0.6579686038049694	0.6594907886565928	0.057187612044613408145	0.31122323348631412846	0.16332342013467237595	Bad Overlap
seq1_74-seq9_76	0.9868385345997286	0.9868759301853606	0.088042342310976760345	0.4665043934599104011	0.24637978491380017325	Bad Overlap
seq1_74-seq5_24	0.2490381679389313	0.25054851292052654	0.024505335530125918302	0.12902067579397764221	0.0734658907509872438	Bad Overlap
seq1_74-seq9_32	0.1728114255487966	0.17359826665962055	0.01575950381123580124	0.08375378919627744815	0.045211659662284170643	Bad Overlap
seq1_76-seq8_89	0.8117818712383732	0.8118390664883919	0.07136681009347618909	0.39385273313501431846	0.0	Bad Overlap
seq1_76-seq6_47	0.08784496640568605	0.0869831036016007	0.0083089699923408289944	0.04740462232512159672	0.027917945768604660525	Bad Overlap
seq1_76-seq7_69	0.0826603325415677	0.08295076776951084	0.0070013722046816124075	0.041433768623273361512	0.023049565779410836439	Bad Overlap
seq1_77-seq5_86	0.12765099124020285	0.12820365144272303	0.011597731364497428389	0.067357356371587201795	0.038573324062514975503	Bad Overlap
seq1_78-seq4_16	0.21898496240601503	0.21898496240601503	0.020427678858554034917	0.11577182909629250071	0.067832605086271960225	Bad Overlap
seq1_79-seq6_75	0.21989699458895626	0.22106496549928395	0.019164860009005550284	0.1067125353472292657	0.057574833423089697833	Bad Overlap
seq1_80-seq2_96	0.6208375575138423	0.6211920529801325	0.058456374749194293822	0.3521742267456641907	0.21703516762180016694	Bad Overlap
seq1_80-seq7_92	0.48123073203167505	0.48210729587834167	0.041535078604416356708	0.24236811970740031607	0.1344150268714517318	Bad Overlap
seq1_81-seq5_66	0.3256975220023719	0.32796267496111975	0.030629458582232199095	0.16810833454496032266	0.09549865173822233893	Bad Overlap
seq1_81-seq8_27	0.3304698685409345	0.33134017938385546	0.029936870081651284125	0.15125845646537537352	0.07748116704232945227	Bad Overlap
seq1_81-seq5_63	0.03228459798478306	0.03220499321350718	0.0029022625503251263626	0.016488894173801147566	0.00933373076794771045	Bad Overlap
seq1_83-seq2_94	0.5117511520737327	0.5114415816473572	0.046855309401404957848	0.29026188571666377037	0.17825313683090954655	Bad Overlap
seq1_83-seq9_24	0.9909565217391304	0.9909596662030598	0.09337872922283033447	0.46661331216759841667	0.24853975153288969999	Bad Overlap
seq1_85-seq2_90	0.7350762115992638	0.7343742607049917	0.0663782612101983421	0.4145500283249244039	0.0	Bad Overlap
seq1_86-seq7_85	0.998798695726789	0.9988025317899298	0.091583038373455353204	0.0	0.0	Bad Overlap
seq1_86-seq6_38	0.8278210116731517	0.8282109349725008	0.0716916419162684407	0.4188969385105545427	0.23506953235823514348	Bad Overlap
seq1_86-seq6_67	0.3101072643237115	0.31076842655514897	0.028294251763164631823	0.15716719486185258346	0.087904352262669453157	Bad Overlap
seq1_86-seq2_30	0.07558940877765688	0.07552234474753337	0.0068709101514715290928	0.041792260738641404257	0.025075303001999972922	Bad Overlap
seq1_86-seq8_28	0.9697648376259799	0.9691780821917808	0.08702618724346482278	0.45834020368404856265	0.24484693947268938128	Bad Overlap
seq1_88-seq4_81	0.7665094339622641	0.7655543595263724	0.068135600402917154693	0.40369466491582328176	0.23384198367556529883	Bad Overlap
seq1_89-seq7_89	0.2526775723344168	0.25295621604346435	0.022156773012559090878	0.1217167960124863287	0.0	Bad Overlap
seq1_89-seq5_32	0.4328599676433579	0.4305568089522606	0.04039764384554234124	0.22362319006024480876	0.12714079952352237358	Bad Overlap
seq1_89-seq5_75	0.1561652990754836	0.1557891608781249	0.0144283090721857427815	0.07806972412737705013	0.043499595335761419116	Bad Overlap
seq1_90-seq2_44	0.9956178790534619	0.9955985915492958	0.09415799531498156549	0.55982435082553644117	0.34059336671316847514	Bad Overlap
seq1_90-seq3_39	0.46073442442580115	0.4596940884663084	0.03832123154056036683	0.26761196825134978905	0.16673007578427647054	Bad Overlap
seq1_90-seq9_13	0.24655138915873323	0.24640497473766032	0.02282155234501035296	0.11217155152202440058	0.05721118355760686895	Bad Overlap
seq1_90-seq3_29	0.951073985680191	0.9519343493552169	0.09412277371878023072	0.5128695648781616409	0.3028646929236742289	Bad Overlap
seq1_91-seq6_65	0.8199859911277142	0.8202797202797203	0.0777639377653462006	0.40624570493807650576	0.0	Bad Overlap
seq1_91-seq4_55	0.3290618204411308	0.33165712517406776	0.031786940067137892487	0.17122628689554446594	0.09843374658005605268	Bad Overlap
seq1_91-seq9_36	0.2572759022118743	0.2586839530332681	0.02432425776807056997	0.11557202006342942134	0.058893205154386084644	Bad Overlap
seq1_92-seq9_23	0.16995932597327135	0.17292289877448616	0.015101669799094638863	0.08064871278796190272	0.041999444929330530286	Bad Overlap
seq1_93-seq4_98	0.43674272498187716	0.4357493602600456	0.038811885688493185096	0.23319710490147196815	0.0	Bad Overlap
seq1_93-seq2_95	0.22544474121856575	0.2255228017132779	0.02050516006906056039	0.12457656698315413872	0.074909469719859254554	Bad Overlap
seq1_93-seq8_39	0.15468870099923135	0.1582472254114045	0.014468191349576294393	0.074228033972814985996	0.038723146638595706174	Bad Overlap
seq1_94-seq8_86	0.8076667036502829	0.808431870924964	0.07415556715507048825	0.3819972164766733686	0.0	Bad Overlap
seq1_94-seq5_87	0.995727956254272	0.9957140408023316	0.09365942028841550437	0.5143384305585215195	0.29291695172769538727	Bad Overlap
seq1_94-seq5_16	0.3071611932371426	0.305624556422995	0.029980285035937927953	0.15487430305616740025	0.0864433859670073142	Bad Overlap
seq1_94-seq4_87	0.9686940966010733	0.9690812720848057	0.09058620134997779577	0.53128177572878324485	0.3205282387410094968	Bad Overlap
seq1_95-seq5_62	0.35419532324621733	0.3547500429479471	0.032488993003917686675	0.18738662593851927671	0.10812154051645284233	Bad Overlap
seq1_95-seq6_21	0.18118492996779267	0.1821650332909404	0.01655127909383610373	0.094502159374478097247	0.053727238124978377383	Bad Overlap
seq1_95-seq9_56	0.11640546476566281	0.11607641604290024	0.01074455074317742385	0.05453998989583166705	0.028968971293932946913	Bad Overlap
seq1_95-seq8_46	0.9856424982053122	0.9856011519078474	0.08180708692057697842	0.48215153651644683183	0.25959199007936423605	Bad Overlap
seq10_7-seq10_89	0.10647816750178955	0.10807431225437657	0.011570929404004429555	0.067363013569824056505	0.044793617140844181657	Good Overlap
seq10_13-seq2_39	0.42596685082872926	0.4195530726256983	0.03255920337990662657	0.2112193051789711078	0.117080642732308284536	Bad Overlap
seq10_15-seq3_92	0.8037895786586886	0.8061576354679802	0.071255362000358747144	0.3503722712901297356	0.17186447844198448739	Bad Overlap
seq10_18-seq10_69	0.8032678659844859	0.8025509358953122	0.08039079880401760642	0.48369996656929280704	0.31167290466653244574	Good Overlap
seq10_18-seq7_84	0.9280392156862745	0.9284879189399844	0.08390223924818077165	0.3504953640007172973	0.15568117332767742577	Bad Overlap
seq10_20-seq2_68	0.379133409350057	0.3792749658002736	0.032012638460050980403	0.17235243411509521288	0.087991120129820291946	Bad Overlap
seq10_20-seq7_79	0.5488644184445974	0.5483982087495695	0.044085341398470939326	0.23111030905231514084	0.11048995498472972919	Bad Overlap
seq10_21-seq1_76	0.04573639302559754	0.046494386782461344	0.0035896979116707238514	0.02316124261712264997	0.0127383616150902027335	Bad Overlap
seq10_26-seq1_93	0.11002868754482428	0.1105071381637895	0.009704532435421677156	0.050627460093268248146	0.026405970469192950624	Bad Overlap
seq10_30-seq5_80	0.3005524861878453	0.3010930771778735	0.023185054725010273474	0.12629711799237306753	0.06128862703843862618	Bad Overlap
seq10_32-seq2_62	0.38340085177106054	0.3834648940589946	0.032284355906306108523	0.17125098839991298697	0.08611953606619323054	Bad Overlap
seq10_32-seq6_89	0.6346286107290234	0.6316519327439765	0.055955314444863261945	0.26070082578702650716	0.12313847958137791999	Bad Overlap
seq10_42-seq1_51	0.4713320079522863	0.4714160769658901	0.042200605028232471704	0.2171212620610606614	0.11230648021312757127	Bad Overlap
seq10_44-seq4_90	0.30901050304035377	0.30873755727603097	0.027245681732198322734	0.13133690419995635071	0.063733833780819997177	Bad Overlap
seq10_46-seq10_76	0.9958524663012887	0.9958530805687204	0.0896572001798605287	0.617448770885848538	0.40750519001180856747	Good Overlap
seq10_47-seq5_69	0.7076508862463541	0.7113424900310146	0.06580172725696463773	0.2890205525099317696	0.1375312892648882531	Bad Overlap
seq10_47-seq7_89	0.4592893116955792	0.4576199831602582	0.038195474936403140684	0.18159994296438879332	0.084439093140581851294	Bad Overlap
seq10_49-seq2_82	0.5090672039824582	0.5087760910815939	0.04506449996941117373	0.22631588522410828944	0.11428707673277715411	Bad Overlap
seq10_50-seq1_56	0.9609586393505991	0.9610639938319198	0.08620275355183418903	0.43936064253457238535	0.22811023514681137119	Bad Overlap
seq10_52-seq10_85	0.5396901072705602	0.5404569252736792	0.049364545762930403685	0.3325610699588603938	0.21877737345438763692	Good Overlap
seq10_52-seq7_24	0.32529397648188146	0.32399615292137535	0.027193852662921106364	0.13031844935924900795	0.05992203090484895753	Bad Overlap
seq10_52-seq7_7	0.2777060191165074	0.27639751552795033	0.022893666241475809408	0.11207488036703191976	0.052413575143429125956	Bad Overlap
seq10_56-seq2_93	0.18599938171950675	0.1878684030157642	0.016914484290806466387	0.08267983128163460661	0.04160365718024365032	Bad Overlap
seq10_56-seq4_75	0.9611884368308351	0.9613745338305807	0.084165163498876421494	0.40644840569323684021	0.19999554205893726979	Bad Overlap
seq10_58-seq2_95	0.5519791213571118	0.5572431580455652	0.04749994928362733001	0.23830685596030160544	0.11594974878009113833	Bad Overlap
seq10_58-seq5_82	0.3076923076923077	0.3119767018565708	0.02633763735139784551	0.13223659101059277568	0.063705419603008151773	Bad Overlap
seq10_61-seq7_87	0.9730907227063045	0.9731492136555427	0.08591430255724450268	0.397758816443515327	0.0	Bad Overlap
seq10_63-seq10_74	0.6161394258933802	0.616672760511883	0.059433401725796028026	0.3788441934806520299	0.24878658207628948726	Good Overlap
seq10_65-seq9_93	0.3632263957072725	0.3615499084249084	0.030911088741475199048	0.14086730478893319365	0.063825363299673003774	Bad Overlap
seq10_69-seq7_84	0.9986616105286639	0.9986707037884942	0.08929030129384720718	0.0	0.0	Bad Overlap
seq10_71-seq6_81	0.9508607912438719	0.9506073802429521	0.08378129424758140213	0.39069289282476411812	0.0	Bad Overlap
seq10_71-seq8_16	0.8442723196086425	0.8445258445258446	0.079643630885325332685	0.34699064008094159672	0.16394463600192054324	Bad Overlap
seq10_72-seq4_18	0.4235495855958845	0.4243721461187215	0.036318316903534972427	0.19061489585476996875	0.09622724143143132684	Bad Overlap
seq10_72-seq7_56	0.9745463709677419	0.9747183979974968	0.0856500666979549211	0.38157387421633083444	0.17563007802599645807	Bad Overlap
seq10_73-seq1_21	0.3606861381548447	0.3589028358902836	0.02942610347768136687	0.16075778475308278568	0.08270983861588692505	Bad Overlap
seq10_75-seq2_74	0.7539437585733882	0.7546589160540264	0.060618983904978896496	0.33667777563598688217	0.16854701972711771458	Bad Overlap
seq10_77-seq6_12	0.2829868956168098	0.28314885927264516	0.023986862786306088372	0.11075613304113920487	0.050728147660963764868	Bad Overlap
seq10_79-seq9_66	0.49662075455556504	0.49393652704910984	0.042320580679879869383	0.1957905001587579094	0.08997598509039865292	Bad Overlap
seq10_79-seq6_14	0.5217332430602573	0.5192595617258745	0.046115709687667366994	0.21732047945779451325	0.10413781387028564131	Bad Overlap
seq10_81-seq8_82	0.9980214641165538	0.9980259615959801	0.084655410910518593026	0.0	0.0	Bad Overlap
seq10_81-seq6_74	0.576347014199572	0.5757693805999221	0.0497903055277511533	0.23763506258645403495	0.0	Bad Overlap
seq10_81-seq5_93	0.9740791268758526	0.9742547425474255	0.09110775892360877688	0.40450682591449640388	0.19326380330685548133	Bad Overlap
seq10_81-seq7_38	0.2813599062133646	0.28162308650113527	0.023443564966820158304	0.113372893418722411416	0.052963612482883766675	Bad Overlap
seq10_83-seq9_99	0.9698791447164549	0.9700554528650647	0.08474884172688167484	0.0	0.0	Bad Overlap
seq10_85-seq7_24	0.8407663316582915	0.8389453621346887	0.06708347717789571291	0.34168486846967902984	0.1597455066946734778	Bad Overlap
seq10_86-seq6_68	0.9904839036242155	0.9908167252833138	0.08577580854778437389	0.40885386418078552674	0.19503196260335900835	Bad Overlap
seq10_86-seq7_31	0.22209715639810426	0.22089711641153437	0.020219153151418845502	0.08668754270202954352	0.039049429218803885156	Bad Overlap
seq10_87-seq7_82	0.9860205032618826	0.9860616385318259	0.084566950541950323104	0.3964752192336823884	0.0	Bad Overlap
seq10_90-seq8_88	0.24324324324324326	0.24288675334463916	0.021079837819576783562	0.09393355468114323464	0.04196673812006704453	Bad Overlap
seq10_91-seq1_22	0.17551309271054494	0.17422738871562235	0.014624288947343084746	0.07963092152183827573	0.040819571904837915565	Bad Overlap
seq10_92-seq4_53	0.23302850277017556	0.2319005281101678	0.021545871560125674101	0.098592519952148180006	0.047834984948156494378	Bad Overlap
seq10_92-seq1_54	0.12811298152701595	0.12789304408147822	0.010513772564175880269	0.058452916129202993762	0.029932280345926863728	Bad Overlap
seq10_93-seq7_62	0.6512575612862146	0.6502777600408658	0.054244064502514421363	0.2610759156110411773	0.0	Bad Overlap
seq10_94-seq3_87	0.8062023233783716	0.8071541972613614	0.073372258109706277524	0.0	0.0	Bad Overlap
seq10_94-seq2_79	0.2649725602481508	0.2643582089552239	0.02546019398981087976	0.119788459888114602664	0.06109579604189711978	Bad Overlap
seq10_94-seq9_94	0.19017138616387208	0.19011503850078856	0.01634292813265706083	0.07612052498043997467	0.0	Bad Overlap
seq10_94-seq2_26	0.094265321191238	0.09499718943226532	0.008632071037768939964	0.04351632276948452877	0.022578963098550873357	Bad Overlap
seq10_95-seq4_64	0.889748831775701	0.8896198830409356	0.07986022504448957085	0.37156081274037210563	0.0	Bad Overlap
seq10_95-seq6_41	0.6609758667931289	0.6614040627302389	0.055907246071966361757	0.26326623943083912033	0.12160133953869532746	Bad Overlap
seq10_95-seq6_32	0.9548502458649978	0.9548401520232506	0.08332722823110135689	0.38341960881752555518	0.17803043482265768775	Bad Overlap
seq10_96-seq1_64	0.33664551658086916	0.33659256894281037	0.029806877043379207795	0.15354025147776822008	0.0	Bad Overlap
seq10_96-seq7_39	0.5994719809231818	0.6000510247470023	0.052041089561919757314	0.2438528838589290754	0.0	Bad Overlap
seq10_96-seq5_14	0.11198805460750853	0.1123288839609365	0.00989411496417705184	0.047064710401907488858	0.022649134944913279159	Bad Overlap
seq6_5-seq7_90	0.13760611582737012	0.13848681289405915	0.011319012519175457734	0.059449272958632363322	0.028909739536205885056	Bad Overlap
seq6_5-seq9_78	0.19749550389662293	0.1981898043391455	0.017505749866268880453	0.085306627766257012	0.041981004423489437316	Bad Overlap
seq6_17-seq8_85	0.26548769771528996	0.268140527525446	0.024482739621779270067	0.12126202683118734514	0.061526633570112945134	Bad Overlap
seq6_24-seq7_46	0.9543317662860981	0.9546515505168389	0.07308306867993238575	0.41633659383377621607	0.2062776092512476481	Bad Overlap
seq6_28-seq7_60	0.2060037219839793	0.201416015625	0.019648491556526896732	0.091189101159788395726	0.045993429211178525076	Bad Overlap
seq6_29-seq6_8	0.1091533522472749	0.10941931631586804	0.009699292333397148934	0.060983574206139825385	0.03707847857702686244	Good Overlap
seq6_32-seq6_41	0.086900915455035	0.08769924002959177	0.008403068895448109517	0.05522664283468273235	0.03685873214325702825	Good Overlap
seq6_34-seq8_28	0.17835410026079399	0.17823503840023186	0.016007918214240630177	0.07767888169272113774	0.038791579714794306125	Bad Overlap
seq6_35-seq7_17	0.9919298245614036	0.9918497519489724	0.08269026246214415038	0.42579133488135642504	0.21095734253164115722	Bad Overlap
seq6_38-seq7_85	0.30817648126853475	0.30880396662232434	0.02661770444450873358	0.13238116570216411542	0.0648116511531190675	Bad Overlap
seq6_41-seq6_62	0.46437941473259337	0.4662107803700724	0.042624265666361094813	0.29541857261171548018	0.19924816737419376242	Good Overlap
seq6_43-seq9_53	0.99241097489784	0.9923213230950975	0.07899442831067490862	0.41910859445921687348	0.20396198754167471055	Bad Overlap
seq6_45-seq9_85	0.16779778763426495	0.16686282901776162	0.0155918595603123392795	0.0699856127000079513	0.033255841867779012207	Bad Overlap
seq6_46-seq6_52	0.9986495611073599	0.9986528357806816	0.08522512865047572281	0.61421123017758155727	0.40374458373430552915	Good Overlap
seq6_50-seq6_91	0.057900990099009904	0.05663071065989848	0.0049758666966056647904	0.034464346603475677865	0.022101235926631535637	Good Overlap
seq6_53-seq6_75	0.13789017999544315	0.13898875893141582	0.012503301493258269161	0.086442987167221266606	0.057309957590403845775	Good Overlap
seq6_55-seq7_94	0.14001677852348993	0.13963182632050133	0.012685253376051120444	0.060848095216323596236	0.030082489806776668907	Bad Overlap
seq6_57-seq8_42	0.31114477040816324	0.30982428115015975	0.027988489359653689412	0.13320473192195554628	0.06557485675039716308	Bad Overlap
seq6_59-seq8_92	0.9792802617230099	0.9795332136445243	0.081793271634325466746	0.42257573445831209382	0.20924213361863273103	Bad Overlap
seq6_65-seq9_36	0.2715618545687629	0.2697415393402827	0.023198457431841163803	0.113784386234581913595	0.054863956266764198468	Bad Overlap
seq6_67-seq7_85	0.371044962531224	0.37254698369847367	0.030761741241846640855	0.16631970778988033529	0.08355454069236574471	Bad Overlap
seq6_72-seq9_96	0.9979962429555417	0.998006230529595	0.08375096149531469174	0.40643177191814948388	0.0	Bad Overlap
seq6_73-seq7_41	0.310038824181919	0.31175656984785616	0.02653108442033363319	0.12977161892629942966	0.062736554527618409993	Bad Overlap
seq6_74-seq8_82	0.8682292692534962	0.8687849367461018	0.07600855739164186026	0.37722713328136962132	0.0	Bad Overlap
seq6_74-seq7_38	0.541355502324926	0.5432220039292731	0.044899702136064918898	0.24187267386650074235	0.12230575985226723787	Bad Overlap
seq6_76-seq9_74	0.9923664122137404	0.9923845787720134	0.084508383359435017206	0.4481682504741741297	0.22461934321676272578	Bad Overlap
seq6_78-seq7_51	0.35498380712486505	0.35562146131032624	0.031375022685609642708	0.15651513665073092606	0.078263947377620576955	Bad Overlap
seq6_81-seq8_16	0.6275194840096748	0.6268174474959612	0.054820283289773971896	0.27221520650348826595	0.13363721324509663541	Bad Overlap
seq6_81-seq7_15	0.9793322734499205	0.9790996784565916	0.08824602395755514386	0.4242425245012918904	0.21012965646518644844	Bad Overlap
seq6_84-seq7_91	0.30077513459849553	0.3106978845140405	0.027882330774418551577	0.13447326347079378218	0.0	Bad Overlap
seq6_84-seq9_98	0.25121940501823614	0.2514167728331064	0.022225287165525036555	0.1077463734188990766	0.052743648623060216756	Bad Overlap
seq6_84-seq9_57	0.9863271235686207	0.9862731640356898	0.08367661180456146165	0.41976006710860854559	0.20456956393711597706	Bad Overlap
seq6_85-seq8_69	0.9970059880239521	0.9970098248611704	0.08725576030467646799	0.43729635758709562647	0.0	Bad Overlap
seq6_85-seq7_50	0.9991203377902885	0.9991260269183709	0.08739831803526726176	0.43537015117340130483	0.21456184258775190428	Bad Overlap
seq6_86-seq9_92	0.29580957103892885	0.29348840101996393	0.024095580204915776184	0.123938886538252000555	0.059831734069754876304	Bad Overlap
seq6_86-seq7_57	0.20150414937759337	0.20102067295216677	0.018280299278712746502	0.085647852175939101915	0.041846455904833800096	Bad Overlap
seq6_87-seq8_58	0.5193472236477471	0.5203809913969685	0.047225857131499650746	0.22279822184774475573	0.109191614596148164895	Bad Overlap
seq6_89-seq8_34	0.826432022084196	0.8267906336088154	0.07172938353471932772	0.36037326813915737916	0.17867393201552404466	Bad Overlap
seq6_90-seq7_67	0.9956214548711314	0.9956327543424318	0.092033961424044444144	0.44268058595758517685	0.0	Bad Overlap
seq6_90-seq7_87	0.17832541567695961	0.17900795063486413	0.014903846315728517172	0.08135504507212373164	0.041968489281929936326	Bad Overlap
seq6_91-seq8_24	0.3905557792992348	0.3908011272141707	0.0347426890959740718	0.1654460150993208862	0.080915623575809781824	Bad Overlap
seq6_92-seq7_83	0.9790031813361612	0.9789047517579373	0.083754691202925386647	0.0	0.0	Bad Overlap
seq2_6-seq5_98	0.11125438785013253	0.10844412504491556	0.012174812153504610366	0.058203898850356976203	0.033228877767660538656	Bad Overlap
seq2_8-seq9_97	0.27671952707140846	0.2770587131870193	0.02399020435846905597	0.1232611194949191314	0.06191660104596894325	Bad Overlap
seq2_10-seq8_52	0.5118376550169109	0.5111947318908748	0.047706569674129830635	0.24450134880676985065	0.13070992404003266858	Bad Overlap
seq2_11-seq4_12	0.3974871501998858	0.3926309729418538	0.040156024875045341215	0.20763837834776199954	0.11802403961786482462	Bad Overlap
seq2_12-seq9_89	0.1974341054313099	0.19723373445848105	0.017340062508351517996	0.089138011033621945776	0.045434178794517021297	Bad Overlap
seq2_13-seq6_85	0.28450039339103067	0.28624126834628366	0.02603340950631792001	0.14597702707021666554	0.08217179724443706489	Bad Overlap
seq2_13-seq8_69	0.9851208927464352	0.9852941176470589	0.09314435502169920516	0.47503499470294772926	0.25504370988927424865	Bad Overlap
seq2_16-seq5_85	0.4672773716198362	0.46774619378685206	0.04207894277836578592	0.23244985567459576869	0.1282814415246336887	Bad Overlap
seq2_17-seq9_95	0.7540607054963084	0.7546243247667376	0.0701088592188340798	0.33894181220779142684	0.17306920553320293479	Bad Overlap
seq2_19-seq2_93	0.1560706908423227	0.15655465076270214	0.014876664836723590548	0.09876176703718572473	0.06637153014033123817	Good Overlap
seq2_19-seq4_75	0.9763779527559056	0.9766536964980544	0.08892408673160668006	0.5195368969455199673	0.30788027103568598526	Bad Overlap
seq2_20-seq2_91	0.9907076483202287	0.9908127208480565	0.09671398987646530757	0.611996442220922923	0.40351575533634823615	Good Overlap
seq2_21-seq5_96	0.25455383905925755	0.2551263343829199	0.023274964618998591418	0.12846134817896290035	0.07173340931815931464	Bad Overlap
seq2_26-seq9_94	0.14957780458383596	0.14904011955397173	0.014142392698895123964	0.06662501626293565824	0.033862884067051098062	Bad Overlap
seq2_28-seq8_93	0.0979394887845592	0.09676155654217812	0.0094236924496547731735	0.04477040858075080927	0.023145516691614986117	Bad Overlap
seq2_32-seq5_92	0.26707992614085996	0.2652386619066508	0.026117739723059388225	0.14166112040835149339	0.082148892498644552606	Bad Overlap
seq2_34-seq3_93	0.37411784014442806	0.37642057068105633	0.03440688643612522399	0.20582550878970188621	0.122351084729794012453	Bad Overlap
seq2_34-seq3_70	0.9925803792250618	0.9925619834710744	0.087286667152555743334	0.56315973502941805404	0.34166233344267419632	Bad Overlap
seq2_36-seq2_76	0.7286053882725833	0.7262190247801759	0.066539600169230382754	0.43812921789166428866	0.28222428477420495412	Good Overlap
seq2_37-seq8_80	0.47534657710447337	0.4766181921870545	0.044501046724778168496	0.22457033094653241276	0.11890103993704764333	Bad Overlap
seq2_38-seq4_85	0.4797180043383948	0.48341589489554165	0.04190713001862791967	0.24283537116869234288	0.13467672094825284431	Bad Overlap
seq2_38-seq7_90	0.5621548821548822	0.5640337937508382	0.04917647246490915915	0.2568143674717072191	0.13187599020261796124	Bad Overlap
seq2_38-seq9_31	0.9672406551868963	0.9671302149178256	0.09492174933263128247	0.46710708856469814837	0.25279761480766816875	Bad Overlap
seq2_40-seq2_56	0.19737437754640108	0.19990974729241878	0.015974333858727892166	0.111865849988322143624	0.06873432388940298916	Good Overlap
seq2_41-seq2_72	0.9918973666441594	0.9919191919191919	0.09241864553298792407	0.6207718036664384924	0.413393290576259044	Good Overlap
seq2_42-seq7_43	0.7013506753376688	0.7038690476190477	0.057024715957944114444	0.3434559673248535411	0.18573449565721153595	Bad Overlap
seq2_43-seq2_65	0.6066336485066787	0.6055680963130173	0.061910533815999227414	0.37084579268671216792	0.24307066759610142623	Good Overlap
seq2_43-seq5_73	0.155558040706777	0.15214462160341344	0.013313133429259106561	0.07671950137436319269	0.041703356493687536295	Bad Overlap
seq2_44-seq3_29	0.9987775061124694	0.9987839481151196	0.08693256805282481418	0.5279612404772810391	0.3056872733123994107	Bad Overlap
seq2_44-seq3_39	0.05709495234733498	0.05576175326970661	0.005652142272763570665	0.030273748056822359524	0.017530848509470507623	Bad Overlap
seq2_45-seq2_78	0.9988167236392322	0.9988193624557261	0.0891405848180535885	0.6095293318232592118	0.39817850734106387692	Good Overlap
seq2_45-seq5_51	0.8609934539853678	0.8612783399513257	0.075557936773252719066	0.4372921551685790552	0.24435104785108904794	Bad Overlap
seq2_45-seq2_93	0.9788679245283018	0.9786096256684492	0.09542903741683627115	0.59679778937315658004	0.3899770405452457124	Good Overlap
seq2_46-seq5_9	0.2595945679984255	0.25740228977497037	0.0234654421673851135	0.12936546822142242467	0.07080566701729189082	Bad Overlap
seq2_46-seq3_36	0.1283043197936815	0.12942691564713457	0.012522614297758415283	0.08676231259159960983	0.06073815019344742751	Bad Overlap
seq2_50-seq8_52	0.18391235837022585	0.18440194975628046	0.018044064466519417866	0.09041297944459138842	0.049040994395054128615	Bad Overlap
seq2_52-seq3_85	0.1894723143991151	0.1903678668919797	0.016600093556572079602	0.10074154745315021098	0.058423449049956534608	Bad Overlap
seq2_52-seq6_77	0.26302034720925893	0.26350153903553775	0.02415825687739526118	0.12923741499185591033	0.07030408058021439052	Bad Overlap
seq2_53-seq9_18	0.9806023481368045	0.9807106598984772	0.09029127301635766818	0.44152848289773384454	0.22394010278772138206	Bad Overlap
seq2_55-seq5_60	0.9984842221303569	0.9985025864416008	0.08825404169487095501	0.5107722574038811538	0.28817648914805865545	Bad Overlap
seq2_55-seq9_45	0.29441823899371067	0.29423328964613366	0.025804778671220620664	0.13602616822583793093	0.07033210683869444415	Bad Overlap
seq2_58-seq3_91	0.2272473131639436	0.2273913043478261	0.019174683549223733362	0.121553105048122251236	0.07086855852484956505	Bad Overlap
seq2_59-seq8_69	0.041927579635175606	0.041927579635175606	0.0040925285258774447577	0.020066358714835614486	0.010606315768905215275	Bad Overlap
seq2_62-seq6_89	0.949811320754717	0.9494584837545126	0.08484912731830374001	0.47286130790717607715	0.0	Bad Overlap
seq2_62-seq8_34	0.9968152866242038	0.9968176712841632	0.088361229188461055886	0.47137181539401824037	0.24862819757532346381	Bad Overlap
seq2_62-seq3_55	0.27223614155966175	0.2701217118178249	0.026385267437298663838	0.1446398250794808389	0.083699053734694221716	Bad Overlap
seq2_62-seq7_29	0.18726096933453862	0.18629908103592313	0.01585321344762908629	0.08514401277803074117	0.04406675309432285867	Bad Overlap
seq2_63-seq9_30	0.09803713527851458	0.09727089306573218	0.008529785386024650825	0.04763704199124215272	0.02551166001296168609	Bad Overlap
seq2_65-seq5_73	0.34647716439899473	0.345342477645629	0.029423875492846426598	0.17649935097991016324	0.098713332424757028704	Bad Overlap
seq2_66-seq6_54	0.49977774485108906	0.4995552920249037	0.044147206932100672136	0.2504525497725784211	0.13864445296193868236	Bad Overlap
seq2_67-seq5_84	0.9764117226590422	0.9759825327510917	0.08972669253800686008	0.49936425658048092888	0.28045694535879159078	Bad Overlap
seq2_68-seq7_79	0.9934240023912718	0.9934621099554235	0.08283540939376993155	0.48293189652815930458	0.2618382668476639833	Bad Overlap
seq2_69-seq9_71	0.8732394366197183	0.8724007561436673	0.08389311391493764731	0.3783754408689959261	0.18680884417906778605	Bad Overlap
seq2_72-seq4_1	0.421195652173913	0.4229379891631547	0.039079649793822815998	0.22066870828748547723	0.1256287248153015879	Bad Overlap
seq2_73-seq7_71	0.9608442948914041	0.9608323133414932	0.08271823053062446986	0.46988191322245979103	0.25332807120744074955	Bad Overlap
seq2_75-seq3_67	0.39627340651231435	0.3934760448521916	0.034363197955545370336	0.20729632341211375729	0.11890582995578144807	Bad Overlap
seq2_77-seq6_26	0.9548872180451128	0.9545526274262269	0.08178915286660671157	0.4622643057141888588	0.24864178289506480564	Bad Overlap
seq2_78-seq2_93	0.9977245348681568	0.9977254482204977	0.089665993487050736555	0.61711171771769283853	0.40815363848616402983	Good Overlap
seq2_78-seq5_51	0.47018824708324386	0.4689338499067298	0.041358259387755330624	0.2423763149194055892	0.13733950474547727807	Bad Overlap
seq2_79-seq3_87	0.589044344320607	0.5912735849056604	0.05429906139125928969	0.3101361602549983914	0.17859299783842291117	Bad Overlap
seq2_80-seq6_71	0.996661101836394	0.9966258962463096	0.09101498712815855193	0.47480129865559785404	0.25360865542202574188	Bad Overlap
seq2_83-seq6_83	0.18285689270235958	0.18142349690830153	0.016315454434777953515	0.09345082957986318532	0.052647939119875136442	Bad Overlap
seq2_83-seq5_31	0.15709915421990284	0.15714971209213052	0.014631267569096909412	0.080976426069085784555	0.045701121068128034192	Bad Overlap
seq2_83-seq6_9	0.20520421607378128	0.20659798334064006	0.01780230365980070648	0.105935492194294680996	0.060052422310495093347	Bad Overlap
seq2_83-seq2_92	0.15004452359750667	0.1305790500975927	0.0136205552556167556405	0.087114341548674101524	0.054725240849852849923	Good Overlap
seq2_84-seq4_74	0.06011671596450555	0.059515238780897525	0.0049470456296723184434	0.032148654547764434423	0.018831403798021810934	Bad Overlap
seq2_85-seq3_49	0.15580791069194494	0.15661955581194115	0.01515232242296827649	0.08206345232569868029	0.047571216564795402294	Bad Overlap
seq2_85-seq3_46	0.19513938527519656	0.19167264895908112	0.016358809971701877406	0.11281402454624395958	0.06999546586645203874	Bad Overlap
seq2_86-seq3_34	0.6602461209202782	0.6614416719982938	0.061955957052743023377	0.35093632072253475924	0.20563026426376522252	Bad Overlap
seq2_87-seq5_38	0.20534155110426297	0.20337761301616725	0.019617186293271753116	0.10190846051697418455	0.056371019712673232663	Bad Overlap
seq2_89-seq8_94	0.3860343439763885	0.3851889168765743	0.034761626415013204306	0.18289516734723298698	0.0	Bad Overlap
seq2_89-seq4_51	0.05604301075268817	0.05604301075268817	0.00567955387882470116	0.030254072649535322885	0.017972525865739802382	Bad Overlap
seq2_89-seq5_59	0.2527612574341546	0.25031964767722686	0.023009389086515517529	0.1226463972286452067	0.06691113194889442172	Bad Overlap
seq2_91-seq9_77	0.3559889512011384	0.35290159798149706	0.030920065608679804552	0.16075681043094512417	0.081687335070357686843	Bad Overlap
seq2_92-seq5_31	0.42312879298718814	0.4252603291904602	0.03941211819897301269	0.22716024388725825146	0.1304041826890800576	Bad Overlap
seq2_92-seq6_83	0.1368513247208233	0.13637857377587906	0.0108517215086048110515	0.07020629097483315595	0.039616913703055476012	Bad Overlap
seq2_93-seq4_75	0.9963698483877856	0.9963267070008643	0.08614557207021890641	0.5170973020648767775	0.29504177905472038927	Bad Overlap
seq2_94-seq9_24	0.6091436693118559	0.60816908097839	0.05452123123411159792	0.28324384771573170622	0.14785881716626380701	Bad Overlap
seq2_95-seq4_98	0.99964817048653	0.9996486472920745	0.09020929907546115123	0.0	0.0	Bad Overlap
seq2_95-seq5_82	0.19158743877845003	0.19112136062265783	0.017127687905079347842	0.0979143813373482046	0.05514628748181753957	Bad Overlap
seq2_96-seq7_92	0.8730347784659361	0.8738077521477373	0.08002292339015563343	0.0	0.0	Bad Overlap
seq2_96-seq8_4	0.3293277603622431	0.3297946397493909	0.029731373985448150656	0.15666573559630417477	0.083606808121848060506	Bad Overlap
seq2_97-seq2_98	0.9993312352478364	0.9993293885601577	0.09302316016855405928	0.0	0.0	Good Overlap
seq2_97-seq5_48	0.4581008612751205	0.4585701141960275	0.040388678338498281068	0.22974788453114989588	0.1267872075215462701	Bad Overlap
seq2_97-seq4_38	0.10104477611940299	0.10643285264969438	0.009764416162553602746	0.054120776553920088986	0.030378912494156793631	Bad Overlap
seq2_97-seq7_71	0.02191244684963278	0.02186518482725296	0.0019855049230289991858	0.011077293036306585676	0.006115388676869070081	Bad Overlap
seq2_98-seq5_48	0.2383814897779794	0.23909348441926345	0.02185440488615568062	0.120521930330438026804	0.067075144445831764955	Bad Overlap
seq2_98-seq7_11	0.17801682303461663	0.17987411233053582	0.017072974947100134714	0.08806264073207492198	0.048055234205132655406	Bad Overlap
origSeq_4-seq3_78	0.35075777035705114	0.34900193174500965	0.034925548541693848776	0.20335497317328921273	0.12669850587190705143	Bad Overlap
origSeq_5-seq6_34	0.4202596569963135	0.4230339767107992	0.038352745201496374503	0.21848791383466077462	0.12489908175360600822	Bad Overlap
origSeq_6-seq3_25	0.3442521631644005	0.349079754601227	0.037130690677831354774	0.2116901525363410604	0.13680733579826318555	Bad Overlap
origSeq_10-seq4_38	0.1537190082644628	0.14967822296034877	0.015541067519030431062	0.08901066610665221818	0.056061148832047075558	Bad Overlap
origSeq_10-seq2_97	0.8454545454545455	0.8429561200923787	0.06689327715706744999	0.46141579905805942403	0.27145856581241822493	Bad Overlap
origSeq_12-seq7_66	0.9713971397139713	0.9711431742508324	0.09319953664615609652	0.4895769214286499198	0.27101328046215148663	Bad Overlap
origSeq_13-seq10_66	0.28144861494183954	0.2789410348977136	0.025839701534773022737	0.12848404390234769013	0.06674004105422310363	Bad Overlap
origSeq_14-seq6_75	0.45215281989084294	0.4534785238959468	0.039822944320124505072	0.24007071241879786472	0.13926502349369213265	Bad Overlap
origSeq_14-seq4_49	0.09205131596349689	0.09253139458030403	0.008909448582634477663	0.052500989353538555143	0.032053240267778956212	Bad Overlap
origSeq_17-seq1_81	0.8931718061674009	0.8925802879291251	0.07866542835765159373	0.53859574810597289515	0.3497130631812237949	Bad Overlap
origSeq_17-seq5_66	0.6852060982495765	0.6853837471783296	0.05889422898118651508	0.35255893959098455673	0.20148867542756315963	Bad Overlap
origSeq_17-seq5_63	0.044451956393137836	0.04332007784076487	0.004320020078451538425	0.023287567993839586637	0.013282691731583704195	Bad Overlap
origSeq_18-seq10_78	0.18658812868146807	0.18370316478719534	0.015301124837844005833	0.08697061234784937792	0.044914360077935390287	Bad Overlap
origSeq_19-seq4_96	0.8590712742980562	0.8610223642172524	0.08101586708859781102	0.48050427403523489667	0.29047941077896015857	Bad Overlap
origSeq_22-seq9_50	0.6257142857142857	0.626603325415677	0.053778227642875439982	0.2956500259421348913	0.15631370040525676812	Bad Overlap
origSeq_23-seq2_41	0.5774083419919845	0.5780346820809249	0.053026588336847461127	0.3280587362628272791	0.2011240184465127904	Bad Overlap
origSeq_23-seq2_72	0.9954853273137697	0.9955156950672646	0.08296660334677563333	0.54939302073798312843	0.33079175445170798785	Bad Overlap
origSeq_24-seq2_50	0.4620326140668753	0.45900281596819614	0.047948261236930550614	0.28190535771612877972	0.18349195481420829942	Bad Overlap
origSeq_25-origSeq_55	0.18432409856605875	0.18307306190741773	0.016773371341847591204	0.11635437151152442518	0.07782971421398418737	Good Overlap
origSeq_26-seq1_89	0.19840019391588898	0.1978655023952459	0.017175279705978651113	0.115819193835999305843	0.072640319933590246486	Bad Overlap
origSeq_27-seq7_88	0.34100068809594025	0.34222919937205654	0.030599835573802065068	0.17796789406155497616	0.101444077260829980375	Bad Overlap
origSeq_28-seq3_18	0.3097760027782601	0.30857540441815967	0.026066904514332591929	0.18439812969327385406	0.117313703925626275854	Bad Overlap
origSeq_32-seq4_26	0.6931492576191717	0.6895097522403796	0.062078824681044270006	0.37268965543353494194	0.21956633243829030736	Bad Overlap
origSeq_32-seq10_84	0.9896623018607856	0.9897680763983628	0.0798088016904574376	0.48343522506626939502	0.2634466869365172293	Bad Overlap
origSeq_33-seq7_78	0.36183980412731725	0.3643964466120885	0.030958093162445113104	0.18245136257803837742	0.101389925821117468154	Bad Overlap
origSeq_33-seq1_24	0.2706741946197277	0.26970402394413034	0.023956891541661073147	0.16826858699512949132	0.11161339888008915862	Bad Overlap
origSeq_34-seq1_30	0.9712041884816754	0.9708609271523179	0.08250268110351684664	0.582057988192323504	0.37528762308919818137	Bad Overlap
origSeq_35-seq5_2	0.6158038147138964	0.6128146453089245	0.059610270760817924677	0.33328041703361093595	0.19589143868430012273	Bad Overlap
origSeq_35-origSeq_50	0.7206375838926175	0.719932716568545	0.0688192156479092101	0.45538161569008860405	0.30606331922396963065	Good Overlap
origSeq_36-origSeq_85	0.27184376156978896	0.27170894278837254	0.025966055847462367954	0.17413096241257424956	0.11819040545502025431	Good Overlap
origSeq_36-seq7_82	0.1664418970555181	0.16559793002587467	0.0155983830826246935705	0.08486882062703173181	0.047620992708552798532	Bad Overlap
origSeq_37-seq6_91	0.05542590431738623	0.05658789252185173	0.0043940910243030165705	0.029738690578906387551	0.016960553241502090417	Bad Overlap
origSeq_38-seq6_81	0.9927360774818402	0.9926289926289926	0.08109336680982701461	0.53424835765398463185	0.31280410996772929242	Bad Overlap
origSeq_38-seq10_71	0.9942716857610474	0.9942763695829926	0.081453844905958363436	0.46713207559351193617	0.2408880659714939831	Bad Overlap
origSeq_39-seq2_83	0.3343338118230458	0.33402963639924277	0.031837455453035252713	0.18972267877590033759	0.117208165391144523054	Bad Overlap
origSeq_41-seq6_24	0.9982118909253465	0.9982374972460895	0.09258016986736888747	0.51722355201167791085	0.29456792005022430756	Bad Overlap
origSeq_41-seq7_46	0.9915718499789297	0.99179991799918	0.0897541826466274484	0.49206204990864323915	0.27299163964507796174	Bad Overlap
origSeq_42-seq4_34	0.991113579561233	0.9911479944674966	0.09098330235546182192	0.57812598968996315433	0.36238767375112233848	Bad Overlap
origSeq_45-origSeq_47	0.6914917883211679	0.6933454256886974	0.06401711410010721037	0.42162938151296714561	0.27477732160357405106	Good Overlap
origSeq_45-seq5_49	0.24207523245984786	0.2387774594078319	0.021347902358329803884	0.12505686483368705779	0.071413249785454249094	Bad Overlap
origSeq_46-seq10_62	0.596723044397463	0.5972339527027027	0.05239470055567175161	0.2843306571375744306	0.15005027685715508187	Bad Overlap
origSeq_46-seq8_80	0.2326395173453997	0.23259321829371304	0.019914245471171619117	0.1147397924902520186	0.06262118095619259642	Bad Overlap
origSeq_46-seq2_37	0.11374884008660686	0.1133374593841869	0.00983381074470226522	0.063413009373984410354	0.038756428526877915758	Bad Overlap
origSeq_47-seq5_49	0.41729449188012724	0.41381052631578946	0.03698011573110499152	0.21413767372767565064	0.12189180404145921399	Bad Overlap
origSeq_47-seq3_19	0.9893541518807665	0.9893917963224894	0.080426112463017041524	0.5754520509020319259	0.35837766028038122763	Bad Overlap
origSeq_47-seq4_24	0.9854469854469855	0.9851380042462845	0.0862804628034999259	0.54409039874839289566	0.3292465308230630263	Bad Overlap
origSeq_49-seq9_16	0.4325238613024043	0.4327979712595097	0.03982514339856638128	0.2064680308200423053	0.109807616027545243856	Bad Overlap
origSeq_49-origSeq_67	0.4409937888198758	0.43914956011730205	0.03957708421136978736	0.27382257605530065458	0.18128964562869397004	Good Overlap
origSeq_49-seq6_83	0.9592430858806404	0.9588839941262849	0.080083045589340773835	0.5038089271628035818	0.28932149640748823247	Bad Overlap
origSeq_50-seq5_2	0.1829366140679326	0.18162335922850253	0.016361557115283081853	0.09353179074801282258	0.0526013370993098161	Bad Overlap
origSeq_52-seq5_92	0.6607171314741036	0.6628661916072842	0.059552094171949648572	0.37246307204113010528	0.22800150387867223773	Bad Overlap
origSeq_52-seq2_32	0.9667994687915007	0.9674902470741222	0.08560441787322788397	0.51832111980456457265	0.30696793476780550274	Bad Overlap
origSeq_53-seq5_98	0.19973776223776224	0.20210911626285516	0.016923298960065861534	0.106969309504322453925	0.06165918804786225237	Bad Overlap
origSeq_53-seq7_10	0.5151862464183381	0.517948717948718	0.054477755479440616366	0.27375738609112379869	0.1587899277868532359	Bad Overlap
origSeq_54-seq8_28	0.649102710958381	0.6502156812991626	0.058698725929938051362	0.3089292786652743838	0.16555273847130742597	Bad Overlap
origSeq_54-seq7_85	0.15084129534116852	0.15248945147679324	0.0136073347692433762465	0.07541684947483027248	0.04172073538464727207	Bad Overlap
origSeq_54-seq6_34	0.9875151026983487	0.9876049580167933	0.09749628307022411046	0.48165616521328756238	0.2644898819681614386	Bad Overlap
origSeq_56-seq4_93	0.2819407008086253	0.2833315398687184	0.024487176776723966846	0.15137079833631999882	0.08855447318730108062	Bad Overlap
origSeq_57-origSeq_98	0.32779493514515134	0.3292036489151874	0.02951785289021052258	0.20383192802510026015	0.13479909184576034626	Good Overlap
origSeq_58-seq7_60	0.9983110701673575	0.9983128834355828	0.08756554193935732329	0.4893201069271651653	0.26817623155998810216	Bad Overlap
origSeq_58-seq5_89	0.13430641604536386	0.1358943451601069	0.0129138335813257557	0.073119338350580667744	0.042916386161602409915	Bad Overlap
origSeq_58-seq6_73	0.09827373612823674	0.09756900168647938	0.008684662743908863495	0.050694650445567299046	0.028824786261565355383	Bad Overlap
origSeq_60-seq7_45	0.9221311475409836	0.9221311475409836	0.08176912830841459581	0.4791746041514989296	0.27396708106663799086	Bad Overlap
origSeq_61-seq6_88	0.9985308521057786	0.9985216212886534	0.088180524909173636716	0.5116345822045410844	0.288399044258239375	Bad Overlap
origSeq_63-seq7_67	0.6734767804100558	0.6738784370477569	0.060507570026964239445	0.34176563676795469092	0.0	Bad Overlap
origSeq_63-seq6_90	0.3076146686105192	0.30745933819405497	0.027836816420078822791	0.15996823983951379512	0.091739070174564067296	Bad Overlap
origSeq_63-seq3_69	0.996417604912999	0.996386164171399	0.09208439147305158883	0.5612109659935054875	0.34393977385555285937	Bad Overlap
origSeq_63-seq9_80	0.9969749351771824	0.9969203695556533	0.09806680804496159903	0.48053192079120597574	0.2572494361376727378	Bad Overlap
origSeq_64-seq5_57	0.9797141539880129	0.9795728876508821	0.0880781858368848799	0.5182182989957766803	0.3017895712516387612	Bad Overlap
origSeq_64-seq9_52	0.27178318135764945	0.27221331533203946	0.024297703082280421814	0.13251566064751180984	0.07112310892839479431	Bad Overlap
origSeq_66-seq4_67	0.11410381978452498	0.11518708730741012	0.009688178329691747913	0.06634546886387212867	0.041317537456800038034	Bad Overlap
origSeq_66-seq4_40	0.1732016362366557	0.17419033383158944	0.016264087657574629824	0.091631147790898981733	0.05349261180112537884	Bad Overlap
origSeq_68-seq5_55	0.0977542932628798	0.09584326184802754	0.007901038864384858904	0.0553021598358152559	0.03450727866547772095	Bad Overlap
origSeq_69-seq3_24	0.9951485748938751	0.9951323395193186	0.095150757376746715814	0.56057820943748617624	0.34144343595071958297	Bad Overlap
origSeq_71-seq8_34	0.43370508054522927	0.4407572703714368	0.0412533812886592281	0.21062135913759247691	0.1133686995127333612	Bad Overlap
origSeq_71-seq2_62	0.13733321629213482	0.14368492136104213	0.014021387431503259284	0.076441864082215482936	0.04499865396039648201	Bad Overlap
origSeq_71-seq6_89	0.1978411556166993	0.19923938305514474	0.020575259558987977751	0.09274296182934722331	0.049327640613263347464	Bad Overlap
origSeq_72-seq5_8	0.15970689502957536	0.15918727915194347	0.015461835616734784037	0.0844690266172613121	0.049201665234724244966	Bad Overlap
origSeq_73-seq9_27	0.9768005540166205	0.9769045156842469	0.09032329371490665062	0.46892845680642953381	0.2536677999934068624	Bad Overlap
origSeq_74-seq2_98	0.3345220883534136	0.33377291733676423	0.030432405768667429277	0.19442937925951123651	0.12215528555131412051	Bad Overlap
origSeq_74-seq2_97	0.1294943661174339	0.12956829440905873	0.012003950189901691142	0.07512102826813196651	0.04680543721193841348	Bad Overlap
origSeq_74-seq7_11	0.9651972157772621	0.9658314350797267	0.085098992229084665284	0.49195020463376513755	0.2777089900629791683	Bad Overlap
origSeq_75-seq1_55	0.9964260185847034	0.9965901341213912	0.094896918216223128356	0.5717450551488674992	0.35627112836862771312	Bad Overlap
origSeq_75-seq8_74	0.9971819645732689	0.9972757345787118	0.08838746689266935886	0.47570843178571252827	0.2548333616904372936	Bad Overlap
origSeq_75-seq3_74	0.9179174484052532	0.9178017848755284	0.08624493668398190601	0.51805323007333443854	0.31546585021240337534	Bad Overlap
origSeq_75-seq5_26	0.1447497013790857	0.14493540332211485	0.012317933343778617201	0.07496609729219849001	0.042010941656445246765	Bad Overlap
origSeq_76-seq6_49	0.8161990471148756	0.8154761904761905	0.07499760811673030822	0.42956284280881685937	0.24767815977226824373	Bad Overlap
origSeq_78-seq5_79	0.6270811278991435	0.6261456825856248	0.057059254472220268872	0.33296696366698678968	0.1942700347429347886	Bad Overlap
origSeq_78-seq7_76	0.4062654984294925	0.40557762330354186	0.03873205503216998347	0.20325834880418730058	0.11288991321954353121	Bad Overlap
origSeq_79-seq2_23	0.35429730726669123	0.35202665186007775	0.0354288207370351604	0.20818143112195109646	0.13215503120151832611	Bad Overlap
origSeq_80-seq2_86	0.5318116227207136	0.5293419490966635	0.049376617697727445816	0.3000955187021150728	0.1836942646941778287	Bad Overlap
origSeq_80-seq3_34	0.9400826446280992	0.9408163265306122	0.074633937251550860993	0.5067319429787477561	0.29945524990733605976	Bad Overlap
origSeq_82-seq6_81	0.41805115524302605	0.4171503753579444	0.03642831465032701589	0.21005727313971110163	0.1172357359143434954	Bad Overlap
origSeq_82-seq7_15	0.8957289429730375	0.8946734152807906	0.08489593531525112099	0.45280079545044236563	0.25426689795715941997	Bad Overlap
origSeq_82-seq8_16	0.2953623506194496	0.29451152579582873	0.028397850074342200692	0.14726226059329841366	0.08165606897543141002	Bad Overlap
origSeq_82-seq10_71	0.22434976862932823	0.22558547076628963	0.018438167442965225725	0.100992489344432117524	0.050982172988590058656	Bad Overlap
origSeq_83-seq4_54	0.912791141657121	0.9124702996857516	0.082542375262616312814	0.50247069131267426507	0.0	Bad Overlap
origSeq_83-seq9_69	0.28413355142884633	0.28292612404221484	0.025624444451798042648	0.13548027055549757752	0.072088327987984714586	Bad Overlap
origSeq_83-seq7_51	0.9943745863666446	0.994428056374959	0.09180965144759656361	0.48045360088553193005	0.26053891308256356995	Bad Overlap
origSeq_83-seq6_78	0.9930362116991643	0.9929676511954993	0.09156631495346207027	0.4974250481860079825	0.2738048780334890681	Bad Overlap
origSeq_84-seq1_91	0.9935051330400168	0.9934335945774201	0.100254765253386963625	0.58085902472309567225	0.36932734353001484118	Bad Overlap
origSeq_84-seq9_36	0.9293331620197867	0.9292968247846767	0.08623412705473848601	0.43767216099736264872	0.23208350111985118307	Bad Overlap
origSeq_84-seq4_55	0.9870908252650992	0.9871205151793928	0.09389966264921525616	0.5421893151693928694	0.32617186928621437624	Bad Overlap
origSeq_84-seq6_65	0.9955957348168752	0.9956241363426992	0.09541295417263477553	0.5185203446339262941	0.29733595601543412988	Bad Overlap
origSeq_84-seq10_3	0.10805919989659407	0.1069048081278716	0.009348097944156768939	0.050897157685701684716	0.027004349669595584352	Bad Overlap
origSeq_85-seq7_82	0.5801769720513651	0.5798369242399698	0.052921360087551111434	0.29737413969672442528	0.0	Bad Overlap
origSeq_85-seq10_87	0.27152810032512775	0.2714604236343367	0.024455744969884823066	0.1261712434832140919	0.06549781369577092156	Bad Overlap
origSeq_87-seq8_87	0.9950485971025124	0.9951272333513806	0.08902236224841749034	0.48278271283370352988	0.26018176903985603646	Bad Overlap
origSeq_87-seq9_87	0.07231644369535448	0.07265834781235192	0.0063859657644016250643	0.03516931388148703626	0.018874072004659877791	Bad Overlap
origSeq_88-seq8_68	0.5768364455423963	0.5760972414295072	0.052990408548692318163	0.28847923462562181032	0.15955677759510776449	Bad Overlap
origSeq_89-seq3_56	0.9962116263879817	0.9962160751565762	0.09128474548207964818	0.552349332190698354	0.33395299754939089144	Bad Overlap
origSeq_90-seq7_37	0.7726657645466847	0.7794310722100657	0.068335521452791523135	0.38161605841321383613	0.20747584942418976596	Bad Overlap
origSeq_91-seq6_44	0.941638608305275	0.9412429378531073	0.081144854287755519335	0.5152858935687562567	0.30418365613959620787	Bad Overlap
origSeq_92-seq4_86	0.28513768967455166	0.28404032134268026	0.025663037378938289677	0.15464783346924179617	0.09168698342997186244	Bad Overlap
origSeq_93-seq4_89	0.6728060671722643	0.6723835106932534	0.0634116007904084384	0.37607974217009142254	0.0	Bad Overlap
origSeq_93-seq6_33	0.29147286821705426	0.29202168861347794	0.028914901399023221255	0.14801072888017277984	0.08310490127027777776	Bad Overlap
origSeq_93-seq7_93	0.9807445442875481	0.9810126582278481	0.081094517211530011574	0.53560251481058260693	0.31716186500311583843	Bad Overlap
origSeq_94-seq3_71	0.1947560481146101	0.1927558486134947	0.015971156337226143532	0.11206504539455061639	0.069444284555875254095	Bad Overlap
origSeq_94-seq10_67	0.15481522956326987	0.15497294271319276	0.0132036374658224010236	0.071026423912521090105	0.03709581799932957687	Bad Overlap
origSeq_94-seq10_25	0.5883959044368601	0.5861358956760466	0.055408566559276343107	0.26827151587109366964	0.13787035153280106552	Bad Overlap
origSeq_95-seq4_27	0.9963954685890835	0.9964340295466123	0.08827984083272703616	0.55016873660749622814	0.32873780960903483623	Bad Overlap
origSeq_95-seq2_24	0.28685667418494976	0.28561158467700526	0.02616889337419888064	0.1646803494292692497	0.10250573852629163803	Bad Overlap
origSeq_95-seq7_41	0.9813207050776112	0.9815200416449765	0.08723068628971546633	0.4811513563897996447	0.26227805504667004038	Bad Overlap
origSeq_95-seq6_73	0.9911383776414451	0.9910622206943966	0.090616050359826107795	0.4930380042696277815	0.27490833904673804398	Bad Overlap
origSeq_96-seq8_37	0.9703509101144681	0.9704507200299233	0.088040278528396513154	0.4732242003507836287	0.25718204067478649523	Bad Overlap
origSeq_97-seq3_53	0.48422381152713506	0.4849280537758639	0.044461006879215233846	0.27428855215109573774	0.16779270699405512374	Bad Overlap
origSeq_97-seq2_15	0.057618197198984866	0.05814936589948332	0.0056480712954129487224	0.03593883863274681708	0.02354583616362775768	Bad Overlap
origSeq_98-seq5_33	0.09180207096959031	0.09221076746849943	0.007515896562031105633	0.050901454303911641563	0.03065665654455061301	Bad Overlap
origSeq_99-seq9_99	0.5323199655023717	0.5327531611485686	0.0465147471089911574	0.0	0.0	Bad Overlap
origSeq_99-seq3_15	0.9880149812734083	0.9879154078549849	0.08927108280542002473	0.5590781110032537114	0.34403050942070919317	Bad Overlap
seq9_17-seq9_54	0.33355840648210666	0.3363962348722546	0.029079639958164109	0.21003377583999357974	0.13984687920428151518	Good Overlap
seq9_31-seq9_78	0.9808408728046834	0.9807073954983923	0.0972944223930436315	0.59562637031251830104	0.38618668322434791736	Good Overlap
seq9_40-seq9_72	0.9967700258397932	0.9967223861029171	0.09498423806573219503	0.61768609457139273395	0.41095990751686068353	Good Overlap
seq9_57-seq9_98	0.25744139081569933	0.2583855833735257	0.024164344288516271084	0.15666142927359006938	0.10171028380821287226	Good Overlap
seq9_61-seq9_81	0.31175934366453967	0.3121355685131195	0.031131224781585443507	0.19627567969272600837	0.13068081772243491875	Good Overlap
seq9_63-seq9_95	0.13670212765957446	0.13975265017667846	0.011672891068124408938	0.08666450556886685392	0.05787484603592969211	Good Overlap
seq7_23-seq9_90	0.414920740494402	0.41505042668735453	0.036409324342750226533	0.16718091090623679814	0.07815580231691116798	Bad Overlap
seq7_24-seq7_7	0.9940400170285227	0.994034938219003	0.08942610007441509994	0.5898948153908079894	0.3790555986448200888	Good Overlap
seq7_38-seq8_82	0.5563380281690141	0.5553154710458081	0.049635506271742344718	0.24107643117182494887	0.11910195873063950259	Bad Overlap
seq7_47-seq9_37	0.3873382624768946	0.3860900166697537	0.03400495346199429594	0.15598551892024848381	0.07239727363422429362	Bad Overlap
seq7_48-seq7_91	0.44530344027831464	0.4476520400307929	0.041739554973608642374	0.27569617800009821415	0.18208034336688526996	Good Overlap
seq7_50-seq8_69	0.673595208737009	0.6727882747660251	0.05690050578591103765	0.28632108237416600455	0.0	Bad Overlap
seq7_56-seq9_40	0.8250138146988396	0.8255600440690415	0.070793901333053534385	0.3551081460755241179	0.17425815376680463305	Bad Overlap
seq7_56-seq8_14	0.9934798357884569	0.9935729588193287	0.08549805234127799423	0.4243815804421136167	0.20758989762129549036	Bad Overlap
seq7_56-seq9_72	0.9880771182141045	0.987991824220746	0.08732853709865627743	0.40091485000286376802	0.18850535275453393973	Bad Overlap
seq7_57-seq9_92	0.4585589828113963	0.45932283094286386	0.037326642730118638442	0.1851551961282192914	0.08672300239845278216	Bad Overlap
seq7_58-seq9_68	0.9153881209175148	0.9160006032272658	0.08144815669414594584	0.36212027504967560186	0.16625087294466258797	Bad Overlap
seq7_74-seq9_35	0.954337899543379	0.9545295557887373	0.08101895017236520302	0.38346795194104403093	0.17944931584055696828	Bad Overlap
seq7_78-seq9_49	0.30049947171261165	0.2998269397173349	0.02777737753868030396	0.124657407307192105706	0.059262581740682677074	Bad Overlap
seq7_81-seq8_75	0.9709065244667503	0.9707897015982994	0.08932039481999538066	0.39957325700841491396	0.0	Bad Overlap
seq7_85-seq8_28	0.9896519285042333	0.9895420694026303	0.08397557822351260974	0.40376868949089452955	0.19079301851361135076	Bad Overlap
seq7_86-seq7_94	0.04563884156729131	0.04596389645776567	0.0038005457707219769728	0.028866333363575243143	0.019235481041313863624	Good Overlap
seq7_88-seq8_79	0.29220304503989064	0.29136965376782076	0.026140224346970464262	0.12027724420100039613	0.0	Bad Overlap
seq7_89-seq9_67	0.25760356186636985	0.2604291536801726	0.023235642981686196394	0.10646900164202827559	0.0	Bad Overlap
seq7_90-seq9_78	0.9869599065784352	0.9870062706057275	0.08576958668247006369	0.0	0.0	Bad Overlap
seq7_90-seq9_31	0.23560678117831366	0.23816427814643396	0.02215589372191295416	0.099158245788311130716	0.047554768994221033434	Bad Overlap
seq7_91-seq9_98	0.9979399141630901	0.9979477532173244	0.08834962107351332341	0.0	0.0	Bad Overlap
seq7_91-seq8_51	0.2509573744676282	0.25119856887298747	0.02155851155609657165	0.107664186355208842034	0.052542312932434317864	Bad Overlap
seq7_91-seq9_57	0.9087811677249497	0.9086113266097751	0.07402705093139870357	0.36355705709234830452	0.16972513120220157924	Bad Overlap
seq7_92-seq8_4	0.15325542570951586	0.1517685425202776	0.013458242394693138935	0.068744238122619716726	0.03475148039642845429	Bad Overlap
seq8_14-seq9_72	0.9665683382497542	0.96588058203713	0.08408873182194815116	0.3946413533905159569	0.18671865411781826678	Bad Overlap
seq8_15-seq8_67	0.15097596600717036	0.1524390243902439	0.013354399944716812981	0.09125701475522046404	0.058288010482192424996	Good Overlap
seq8_15-seq8_57	0.13840579710144926	0.13882182520521488	0.011722642392806431781	0.08369383384823329703	0.05396095768547260311	Good Overlap
seq8_31-seq8_90	0.5337223101265823	0.535376428852976	0.04697014635464384444	0.33231576188439920045	0.22002717253023822734	Good Overlap
seq8_31-seq8_88	0.9794690265486725	0.9794617563739377	0.09006460611064756783	0.60747949883912190686	0.40282537153857779253	Good Overlap
seq8_36-seq8_91	0.7212176009644364	0.7227218225419664	0.06615839110101378873	0.42367835137521368978	0.26949400654900713508	Good Overlap
seq8_40-seq9_98	0.14681440443213298	0.14612365063788027	0.012402715115101148098	0.05966800223192493101	0.028160355411489354462	Bad Overlap
seq8_44-seq8_93	0.8970881153371906	0.8969610636277303	0.08112254461208397096	0.54565768549502950533	0.3552620689297411288	Good Overlap
seq8_45-seq8_87	0.41666194389345423	0.43053941908713694	0.04093224861096244552	0.27070785222812018646	0.18117309008418850931	Good Overlap
seq8_51-seq9_98	0.9835338822039266	0.9835599114764464	0.081314470623069757486	0.40476090827818534578	0.1930183977937570658	Bad Overlap
seq8_57-seq8_67	0.8698583951449764	0.8698207747157448	0.08211634559897034946	0.52737454411634458295	0.34278966872318101036	Good Overlap
seq8_73-seq8_78	0.9780405405405406	0.9775086505190311	0.099831931783190548495	0.6343117115917066318	0.43324831093604007753	Good Overlap
seq8_88-seq8_90	0.4432539123079092	0.44346314652135105	0.040044758733209792617	0.27263921347099001925	0.17865072932347064986	Good Overlap
seq3_3-seq7_84	0.2936354869816779	0.29135762657207354	0.025934403516423229748	0.13683306621924913048	0.07163405218821994795	Bad Overlap
seq3_7-seq5_99	0.04704740498569677	0.047825643119640666	0.00473702281188015921	0.023461049364382171628	0.0128312061060290839986	Bad Overlap
seq3_8-seq5_95	0.2824686731467385	0.27909165784209905	0.023846657464221412719	0.14064859642536756414	0.077818390725334800374	Bad Overlap
seq3_9-seq7_63	0.2380030959752322	0.23637773899554004	0.018487934931164702202	0.11328372650019004996	0.059927418629537861682	Bad Overlap
seq3_11-seq5_50	0.32209068572704935	0.3205730915603313	0.028796721659525215586	0.16272622558259678733	0.090404162400595436665	Bad Overlap
seq3_12-seq8_91	0.12171106389932995	0.12510683325871963	0.011780403502580648034	0.056089705927236932817	0.028363638921962732696	Bad Overlap
seq3_13-seq5_80	0.34168781725888325	0.336212412028151	0.03334092439039988222	0.17143869572980984551	0.09602363643770858145	Bad Overlap
seq3_14-seq5_71	0.3871600784973367	0.3875035023816195	0.034833763682825394936	0.19057867423599097518	0.10433827770476026065	Bad Overlap
seq3_15-seq9_99	0.08326560468140443	0.08291155964794601	0.0076276713509888076725	0.038772310197615873676	0.020430179259316589371	Bad Overlap
seq3_19-seq4_24	0.9973890339425587	0.9973154362416108	0.08456278398927306354	0.49271444575372207094	0.27265910466603186595	Bad Overlap
seq3_23-seq4_41	0.6923201032591159	0.6957076751236636	0.06179449554910012912	0.35487106091595381683	0.19868012570276025658	Bad Overlap
seq3_23-seq5_97	0.2863919937613725	0.287503244225279	0.026407900325025677578	0.13935426358442494004	0.07544853201505332832	Bad Overlap
seq3_27-seq4_63	0.9931192660550459	0.9931097841065687	0.089931248812218248524	0.50836224820173077566	0.28705179240234675317	Bad Overlap
seq3_28-seq5_44	0.9980867346938775	0.9980645161290322	0.090124485510602602125	0.50676723487413779753	0.28325616221604143005	Bad Overlap
seq3_32-seq6_64	0.9404761904761905	0.9398280802292264	0.081979046051984987756	0.45037261456652348155	0.23822843447702283987	Bad Overlap
seq3_32-seq8_57	0.20083940254289595	0.20074074074074075	0.017187484413524133138	0.09493282497863735935	0.050102461986577585602	Bad Overlap
seq3_32-seq8_15	0.9043743641912513	0.9045685279187817	0.080695412998071163924	0.45308561709890407662	0.24693175231859077612	Bad Overlap
seq3_37-seq8_62	0.2915101427498122	0.2943729422328644	0.02567324342929027337	0.14117870145920921357	0.07468699214932869827	Bad Overlap
seq3_40-seq7_91	0.5499950352497269	0.5482005782075565	0.04630933655040653079	0.25917356251553195427	0.13609867255254152843	Bad Overlap
seq3_40-seq9_98	0.8779896574014221	0.8777327935222672	0.07538287629705472212	0.386252988589568934	0.1929508318060095866	Bad Overlap
seq3_40-seq8_51	0.2260027662517289	0.2250738552437223	0.019961315106014475315	0.107288665583093990673	0.056747600009908669566	Bad Overlap
seq3_41-seq3_94	0.7571036889332003	0.753415991902834	0.06920031639338018359	0.4668372777762069597	0.30700258608048777215	Good Overlap
seq3_41-seq3_69	0.36183893264748435	0.362146529562982	0.031567180327321215887	0.22788687508668388901	0.15259749497967722193	Good Overlap
seq3_41-seq8_35	0.9995083579154376	0.9995019920318725	0.082932315801691093915	0.47307391808911213778	0.24801941608054470017	Bad Overlap
seq3_43-seq9_55	0.9914096056228036	0.9914296844565641	0.091111427437974053	0.4562036109584772987	0.23610327648220944703	Bad Overlap
seq3_47-seq7_68	0.48514344262295084	0.4846153846153846	0.045219028483828032037	0.23318481423688179668	0.124365102654762757645	Bad Overlap
seq3_48-seq5_17	0.05130198212203654	0.05262749359621206	0.004210100614495121095	0.027691749847796315583	0.015931799090822654823	Bad Overlap
seq3_50-seq7_80	0.9994212962962963	0.9994212962962963	0.08414261977016982804	0.4804012334095850845	0.25793007636668892422	Bad Overlap
seq3_50-seq8_53	0.09035455585207777	0.09217159707029392	0.008639519309725652212	0.045555973496425712684	0.02501934217139231684	Bad Overlap
seq3_52-seq9_44	0.9821912504839334	0.9823889739663093	0.09165289502609264256	0.45550184326918643425	0.23453211464000134768	Bad Overlap
seq3_54-seq3_89	0.9995115279406018	0.9995142329738658	0.089447785275297350785	0.5981127213627554277	0.38472411621463823263	Good Overlap
seq3_54-seq8_92	0.7331092002327536	0.7332988758237499	0.065087981082395924964	0.32992480315339536905	0.0	Bad Overlap
seq3_54-seq5_1	0.1716914643696163	0.17266327727806022	0.014861888521968591039	0.08354643458846370883	0.044604091296567986573	Bad Overlap
seq3_55-seq6_89	0.987673343605547	0.9878048780487805	0.08731711406785712036	0.48442106269437127668	0.2668860912871936898	Bad Overlap
seq3_58-seq5_43	0.11284143904063958	0.11269365317341329	0.009845714204240908433	0.057935804851314756988	0.032779252464000709634	Bad Overlap
seq3_63-seq7_70	0.6643566643566644	0.6639296865965074	0.062401365730077554892	0.31317842366090995545	0.16587610833129199393	Bad Overlap
seq3_64-seq9_29	0.42683595177201317	0.427306744546865	0.036833981907294769246	0.18524395769685189965	0.09197688814952568606	Bad Overlap
seq3_65-seq9_89	0.9198234402793333	0.9190178333776949	0.08446558288198372387	0.40484606678904267832	0.0	Bad Overlap
seq3_66-seq9_74	0.16383307573415765	0.16464851686306378	0.015415874338843773503	0.07660305240381499321	0.039911111893313980358	Bad Overlap
seq3_66-seq6_76	0.10277243247095717	0.10290030642058007	0.009512807167717025005	0.053205095049726509134	0.030189317927486294541	Bad Overlap
seq3_68-seq7_46	0.6156749555950266	0.6161862527716186	0.0589690033880422338	0.29374014103671839115	0.15593052147303569161	Bad Overlap
seq3_68-seq6_24	0.20248748672834824	0.20151860288534548	0.015633137185617105172	0.095497087448209559614	0.05102485400570771779	Bad Overlap
seq3_69-seq3_94	0.9944116733933561	0.9943511689941943	0.09135940039131048384	0.60408551019388767714	0.39320652270218140327	Good Overlap
seq3_69-seq9_80	0.5126691002791497	0.5103031610745495	0.045338068500424124425	0.22928824734273307891	0.11617822023647039415	Bad Overlap
seq3_69-seq7_67	0.058345358345358346	0.05861704173879592	0.0056308603592899366876	0.02842482738511648707	0.015477650416861274655	Bad Overlap
seq3_70-seq3_93	0.4679499518768046	0.4676937891189215	0.042882917494620107544	0.28974515804191444942	0.1914825952538417948	Good Overlap
seq3_71-seq7_78	0.09951894167167769	0.10024033647105948	0.0089192843567377718995	0.048260356806903429035	0.025854646260752012308	Bad Overlap
seq3_73-seq5_83	0.9968397291196388	0.9968340117593849	0.088469107258889473195	0.50817283474716361003	0.2873525624436242123	Bad Overlap
seq3_74-seq8_74	0.5402195158622763	0.5432412247946229	0.046537050567134641135	0.2530373648575184219	0.1327422873839390037	Bad Overlap
seq3_77-seq5_88	0.6397828615742536	0.6413588984686656	0.054505696266380555892	0.3123803227218479069	0.0	Bad Overlap
seq3_77-seq5_92	0.3359682255363888	0.3370782148965946	0.029675985020666851914	0.1647627961978899287	0.0	Bad Overlap
seq3_77-seq9_42	0.17880914921941182	0.1806436032119785	0.017195433455881760126	0.08194817218953311717	0.042330649941464200617	Bad Overlap
seq3_79-seq6_82	0.99800796812749	0.998041958041958	0.08348373566457057076	0.47607029514785295294	0.25165941652044505146	Bad Overlap
seq3_80-seq5_21	0.9924242424242424	0.9924812030075187	0.0864560648212167599	0.5058217424197240035	0.28540539464507962082	Bad Overlap
seq3_80-seq8_17	0.9213483146067416	0.9201754385964912	0.06767583903826885202	0.431818017946761392	0.22588864667874952652	Bad Overlap
seq3_82-seq5_81	0.6945415843089554	0.6944486692015209	0.060187616819482489503	0.34814634523674592792	0.19253367048816948947	Bad Overlap
seq3_83-seq8_47	0.16975666280417148	0.16975666280417148	0.01500675135395868092	0.080589702536523000864	0.04242034999956558197	Bad Overlap
seq3_84-seq4_56	0.3378071443320256	0.3349232683533803	0.031963098209865868518	0.17205397905286433146	0.097191612703747851173	Bad Overlap
seq3_85-seq6_77	0.7299084435401831	0.7304910544347164	0.06320103798695411831	0.3518027628797295104	0.0	Bad Overlap
seq3_88-seq8_22	0.5116608684447881	0.5134788189987163	0.044096489333370345623	0.23157242263368121758	0.11802230215106056719	Bad Overlap
seq3_89-seq8_92	0.709316427783903	0.708641838877224	0.0633550172445106499	0.31841977442733877305	0.0	Bad Overlap
seq3_89-seq5_1	0.13724881682054466	0.1386522075910147	0.01223360136562586005	0.06830346530302647917	0.037529162529207648248	Bad Overlap
seq3_90-seq6_91	0.9940493610379475	0.9940406408753419	0.08649952279333094468	0.48079934477822594058	0.0	Bad Overlap
seq3_91-seq5_13	0.5151103984211175	0.519084903352092	0.0472111211517010514	0.2535088693516035123	0.13729980222562874258	Bad Overlap
seq3_91-seq4_93	0.12517359156251173	0.12625581046633677	0.0111582260771084975515	0.06350340166286873003	0.035374834503028368186	Bad Overlap
seq3_92-seq9_85	0.994078410019058	0.9940836450187012	0.08898699624597443783	0.4467914232026713063	0.0	Bad Overlap
seq3_92-seq6_45	0.9967261904761905	0.9967203339296362	0.085206977681996649714	0.493311986054938337	0.26772298658171625842	Bad Overlap
seq3_94-seq8_35	0.3239120476408612	0.3233230938517262	0.02738312445294684345	0.14870940752802135975	0.07640505640169736297	Bad Overlap
seq3_94-seq4_2	0.12264150943396226	0.12310431227746274	0.010518779326878685031	0.06442958459649001355	0.03698853250104732294	Bad Overlap
